student_id,year_of_study,cgpa,family_income,cocurricular_score,leadership_positions,community_service_hours,eligible
STU0001,1,3.45,6556,94,2,62,1
STU0002,1,3.13,110604,4,0,23,0
STU0003,1,3.52,147127,25,5,166,1
STU0004,4,3.96,72926,0,1,178,1
STU0005,2,3.08,88236,13,0,97,0
STU0006,3,3.08,11390,93,3,137,1
STU0007,1,3.99,144714,37,5,158,1
STU0008,2,3.58,18233,5,5,58,1
STU0009,2,2.97,26476,48,2,116,1
STU0010,3,3.47,93132,26,5,68,0
STU0011,1,2.97,44862,68,5,62,0
STU0012,2,2.97,85008,98,0,58,0
STU0013,4,3.32,70186,8,1,145,1
STU0014,4,2.24,103712,82,3,36,0
STU0015,3,2.34,112311,74,3,92,0
STU0016,4,2.92,23831,96,0,28,1
STU0017,4,2.69,16653,49,3,152,1
STU0018,1,3.36,30029,87,4,192,1
STU0019,1,2.75,76939,55,1,116,1
STU0020,3,2.49,131225,97,1,129,0
STU0021,3,3.93,133080,77,1,39,1
STU0022,1,3.09,84975,62,0,28,0
STU0023,3,3.23,62770,7,1,145,1
STU0024,4,2.49,18143,97,4,196,0
STU0025,2,2.93,69483,67,4,108,1
STU0026,2,3.26,81714,51,5,166,1
STU0027,4,2.62,31720,31,1,16,0
STU0028,2,3.39,57728,0,0,181,1
STU0029,1,2.9,86619,9,4,60,0
STU0030,2,3.05,149695,73,3,62,0
STU0031,2,2.9,24726,12,5,110,1
STU0032,1,4.0,25799,7,3,186,1
STU0033,2,3.19,50224,24,4,114,1
STU0034,4,2.67,65485,9,3,140,0
STU0035,1,3.61,24448,96,1,42,1
STU0036,4,2.59,15370,21,3,0,1
STU0037,4,3.3,74776,54,5,187,1
STU0038,4,2.22,40579,24,2,55,0
STU0039,1,2.54,82209,7,0,149,0
STU0040,2,3.3,14910,65,0,47,1
STU0041,2,3.57,105847,15,4,63,0
STU0042,1,3.29,109897,84,4,144,1
STU0043,2,3.14,82361,30,2,101,1
STU0044,4,3.05,82883,96,0,2,0
STU0045,1,2.46,19204,68,1,129,0
STU0046,1,2.84,64037,47,2,40,0
STU0047,3,2.97,138658,1,5,141,1
STU0048,2,3.73,69328,14,0,190,1
STU0049,2,3.37,89884,26,5,162,1
STU0050,3,2.32,13316,11,5,108,0
STU0051,3,3.36,34293,81,2,41,1
STU0052,4,3.01,147038,1,0,19,0
STU0053,2,2.86,143023,4,2,149,1
STU0054,1,3.51,80808,46,0,91,0
STU0055,1,3.72,92714,99,4,104,1
STU0056,2,3.67,42598,22,3,6,1
STU0057,4,2.78,65055,34,1,179,0
STU0058,4,3.05,58309,25,3,89,0
STU0059,2,3.37,58438,3,5,49,0
STU0060,1,3.69,73170,44,5,130,1
STU0061,3,2.96,7235,14,2,45,1
STU0062,1,3.11,28417,76,3,88,1
STU0063,1,2.65,100976,73,1,65,1
STU0064,2,2.6,95478,55,0,170,0
STU0065,1,3.61,78727,64,2,170,1
STU0066,3,3.88,145335,16,1,107,1
STU0067,2,3.16,149187,38,3,140,1
STU0068,2,3.7,112692,100,4,155,1
STU0069,4,3.38,56020,65,3,188,1
STU0070,3,2.88,24480,96,1,172,1
STU0071,2,3.38,6402,5,1,121,1
STU0072,4,3.97,108643,80,4,49,1
STU0073,4,3.18,63959,18,5,176,1
STU0074,1,3.98,111449,28,1,178,1
STU0075,2,2.0,31813,58,1,118,0
STU0076,3,3.61,116017,78,5,129,1
STU0077,4,3.24,41722,95,3,115,1
STU0078,3,3.05,136655,62,5,61,0
STU0079,3,3.25,61471,34,2,81,0
STU0080,2,2.21,60623,49,5,39,0
STU0081,4,3.09,86738,69,3,106,1
STU0082,4,3.38,5120,97,4,97,1
STU0083,3,3.94,102232,53,4,191,1
STU0084,2,2.94,127986,28,2,111,1
STU0085,4,2.8,43265,59,1,159,1
STU0086,1,2.95,22006,82,3,34,1
STU0087,3,3.66,99379,41,1,116,1
STU0088,4,3.36,72943,96,3,64,1
STU0089,1,2.94,91740,28,5,17,0
STU0090,1,3.46,64823,25,0,159,1
STU0091,1,3.25,147841,27,3,179,1
STU0092,1,3.68,42930,39,0,148,1
STU0093,4,2.85,103980,91,1,19,0
STU0094,2,3.04,26712,89,2,175,1
STU0095,1,3.0,91017,68,3,169,1
STU0096,3,2.47,3316,53,3,27,0
STU0097,4,3.35,40105,55,1,187,1
STU0098,4,3.33,121863,55,5,151,1
STU0099,1,3.2,73119,57,1,192,1
STU0100,4,3.08,88184,3,3,83,0
STU0101,3,2.49,89217,35,4,179,0
STU0102,2,2.99,22442,30,5,104,1
STU0103,4,3.03,128665,57,0,23,0
STU0104,2,2.8,80270,84,4,94,0
STU0105,4,3.12,144281,42,2,179,1
STU0106,2,3.4,31629,92,1,80,0
STU0107,2,4.0,50211,27,5,123,1
STU0108,3,3.29,26352,24,2,58,1
STU0109,2,3.33,71909,5,0,141,1
STU0110,4,3.16,26892,1,4,72,1
STU0111,2,2.24,13468,32,3,29,0
STU0112,1,3.19,14053,19,1,144,1
STU0113,2,3.23,31051,71,3,155,1
STU0114,4,4.0,118099,56,2,150,1
STU0115,1,3.1,26013,97,1,160,1
STU0116,2,3.35,62879,22,4,19,0
STU0117,4,3.18,76351,4,1,73,0
STU0118,4,2.62,18659,87,1,67,1
STU0119,2,3.77,111447,14,4,57,1
STU0120,2,3.58,18719,7,1,78,1
STU0121,3,3.6,115121,15,3,176,1
STU0122,3,2.75,131195,69,3,112,0
STU0123,4,3.9,84494,77,2,6,1
STU0124,1,2.5,70650,73,0,195,0
STU0125,4,3.49,72917,23,4,111,1
STU0126,1,4.0,123210,44,3,85,1
STU0127,2,2.7,86456,52,5,126,0
STU0128,1,2.92,119229,11,2,64,0
STU0129,4,3.25,134898,0,5,138,1
STU0130,3,2.95,130676,80,3,194,1
STU0131,2,2.42,75505,56,5,124,0
STU0132,2,3.23,41517,39,4,3,0
STU0133,1,2.67,120965,15,5,39,0
STU0134,3,3.44,108918,61,3,62,0
STU0135,2,2.74,133232,95,1,17,0
STU0136,4,3.97,89096,100,4,68,1
STU0137,3,2.81,128356,19,3,137,1
STU0138,4,3.04,119365,41,1,178,1
STU0139,4,3.61,11441,40,5,121,1
STU0140,4,2.58,39873,63,0,32,0
STU0141,1,3.31,115423,12,4,116,1
STU0142,2,3.85,19615,60,2,86,1
STU0143,1,2.4,86131,86,4,97,0
STU0144,4,3.29,141824,4,4,17,0
STU0145,3,3.33,59634,95,0,111,1
STU0146,1,3.59,116307,21,5,76,0
STU0147,1,2.58,76904,45,2,110,0
STU0148,2,2.54,44560,22,0,156,0
STU0149,2,3.46,130460,74,1,59,0
STU0150,3,3.35,2463,59,2,173,1
STU0151,3,3.33,78421,81,3,176,1
STU0152,2,3.37,100845,61,0,60,0
STU0153,3,2.86,77392,2,5,101,1
STU0154,1,3.32,130214,36,1,155,1
STU0155,2,3.35,65700,86,5,196,1
STU0156,1,2.84,10334,39,3,8,1
STU0157,1,4.0,77361,41,5,106,1
STU0158,3,3.44,139159,64,2,42,0
STU0159,4,2.6,77369,95,2,29,0
STU0160,2,3.53,104179,71,2,23,0
STU0161,1,2.71,119219,47,5,191,0
STU0162,3,3.59,28402,86,1,120,1
STU0163,3,3.78,58030,82,0,162,1
STU0164,3,2.79,107032,14,1,11,0
STU0165,4,3.68,30440,12,1,137,1
STU0166,4,3.41,40507,53,5,25,0
STU0167,3,3.61,8576,88,2,55,1
STU0168,3,4.0,26045,87,2,139,1
STU0169,1,3.08,104369,35,1,31,0
STU0170,1,2.82,55602,82,5,152,1
STU0171,3,2.76,63850,16,4,52,0
STU0172,2,2.79,56610,29,2,198,0
STU0173,1,3.16,72685,18,1,138,1
STU0174,1,3.37,34551,1,2,60,0
STU0175,3,3.34,13736,16,5,107,1
STU0176,4,3.61,117512,99,2,131,1
STU0177,2,3.21,11367,93,5,133,1
STU0178,1,3.93,15945,61,3,109,1
STU0179,4,3.07,19265,10,2,155,1
STU0180,3,4.0,99851,76,4,75,1
STU0181,1,3.51,29992,83,5,196,1
STU0182,4,2.77,118372,29,3,86,0
STU0183,1,2.66,81932,54,2,170,0
STU0184,4,3.44,17598,11,0,23,1
STU0185,3,3.09,34108,71,0,150,1
STU0186,1,3.56,107691,45,5,192,1
STU0187,1,3.44,75400,76,2,90,0
STU0188,2,3.16,126403,28,0,89,0
STU0189,3,2.78,59286,54,4,196,0
STU0190,1,2.44,70109,3,1,69,0
STU0191,3,2.98,92018,0,1,36,0
STU0192,2,3.63,8036,11,5,135,1
STU0193,3,3.31,41263,47,2,184,1
STU0194,1,2.58,13791,19,1,193,1
STU0195,3,3.29,116159,84,3,124,1
STU0196,2,3.39,134308,14,2,110,1
STU0197,4,2.76,138132,85,2,11,0
STU0198,1,3.28,2015,26,2,54,1
STU0199,3,3.23,86015,15,0,127,1
STU0200,4,2.63,139613,90,1,128,0
STU0201,3,3.38,18894,50,5,10,1
STU0202,1,3.48,82066,73,3,146,1
STU0203,3,3.74,30192,51,0,83,1
STU0204,4,3.73,94857,11,3,27,1
STU0205,1,2.51,103747,39,5,86,0
STU0206,1,2.73,133820,81,0,135,0
STU0207,3,3.46,92038,93,5,37,1
STU0208,2,3.46,45481,77,1,194,1
STU0209,4,3.46,121622,96,4,194,1
STU0210,3,4.0,82873,19,3,17,1
STU0211,3,3.49,14725,45,4,18,1
STU0212,1,3.77,96662,36,0,165,1
STU0213,4,3.68,121297,74,4,189,1
STU0214,2,3.53,84286,77,3,128,1
STU0215,1,3.04,90030,91,0,129,0
STU0216,4,3.58,115191,67,4,156,1
STU0217,3,2.81,101558,52,2,173,1
STU0218,3,3.08,17278,42,0,142,1
STU0219,2,2.96,87388,10,4,169,1
STU0220,4,3.24,33803,76,5,21,0
STU0221,3,4.0,33500,85,5,189,1
STU0222,1,2.27,110993,65,2,4,0
STU0223,2,3.54,89583,98,3,49,1
STU0224,1,2.39,77540,100,0,129,0
STU0225,1,2.96,88280,98,4,33,0
STU0226,2,3.74,43395,92,3,11,1
STU0227,2,3.23,116444,78,2,192,1
STU0228,2,2.66,81125,100,3,49,0
STU0229,4,2.84,121026,98,2,199,1
STU0230,2,3.54,52349,77,1,64,0
STU0231,3,2.83,145369,13,5,132,1
STU0232,2,3.31,71510,57,4,37,0
STU0233,2,3.22,118260,44,0,106,1
STU0234,2,2.87,101231,10,2,57,1
STU0235,3,4.0,38285,17,0,73,1
STU0236,2,3.52,122974,57,4,1,0
STU0237,2,2.19,39195,70,5,155,0
STU0238,3,3.29,62295,38,0,12,0
STU0239,4,2.87,16464,14,3,152,1
STU0240,2,3.63,37637,37,3,0,1
STU0241,4,2.8,49103,85,5,21,0
STU0242,1,3.14,102355,60,0,162,1
STU0243,1,3.45,93610,100,0,88,0
STU0244,1,3.63,87167,17,0,90,0
STU0245,2,2.6,121798,89,3,161,0
STU0246,4,3.03,9695,37,1,11,1
STU0247,3,2.96,81284,65,3,139,0
STU0248,2,2.87,75002,45,0,167,1
STU0249,3,4.0,114544,51,5,112,1
STU0250,2,3.4,130076,88,3,94,1
STU0251,1,2.57,111280,10,3,154,0
STU0252,3,3.66,84203,13,0,83,0
STU0253,4,4.0,43684,88,3,89,1
STU0254,3,3.72,114017,35,5,14,1
STU0255,3,2.44,134502,95,5,40,0
STU0256,4,2.96,9122,16,0,60,1
STU0257,4,3.83,148699,4,4,39,1
STU0258,3,2.85,116376,97,0,146,1
STU0259,3,3.42,73056,31,0,6,0
STU0260,4,3.59,147239,15,2,198,1
STU0261,3,2.74,128765,25,0,34,0
STU0262,4,3.17,23013,87,2,170,1
STU0263,3,2.0,78631,20,5,181,0
STU0264,3,2.69,133367,28,0,51,0
STU0265,4,3.07,6890,46,4,146,1
STU0266,2,2.58,22600,8,2,101,1
STU0267,4,4.0,107330,73,0,32,1
STU0268,4,2.48,122115,87,4,88,0
STU0269,2,2.98,33825,55,4,14,0
STU0270,3,3.27,43163,20,2,181,1
STU0271,3,3.92,20672,32,1,162,1
STU0272,3,2.48,139848,11,4,164,0
STU0273,2,3.78,44879,84,4,184,1
STU0274,1,3.21,7437,10,0,164,1
STU0275,2,2.71,149982,53,4,163,1
STU0276,3,3.43,79192,61,1,175,1
STU0277,1,3.3,41439,56,3,123,1
STU0278,2,2.9,81941,91,2,187,1
STU0279,4,3.23,34279,97,2,131,1
STU0280,4,3.01,32118,34,3,63,0
STU0281,4,3.26,109611,31,1,83,0
STU0282,2,3.53,41770,63,4,119,1
STU0283,1,3.99,23605,50,4,117,1
STU0284,3,2.58,12755,6,2,126,1
STU0285,4,4.0,74907,68,0,27,1
STU0286,3,2.22,105710,46,0,102,0
STU0287,3,3.12,145024,36,0,98,0
STU0288,3,3.49,31145,16,0,100,1
STU0289,3,3.34,37818,25,4,130,0
STU0290,1,2.89,35923,91,2,121,1
STU0291,2,3.1,85974,78,2,41,0
STU0292,3,2.95,88178,64,4,136,1
STU0293,4,2.91,4361,47,2,172,1
STU0294,3,3.62,6985,76,3,67,1
STU0295,2,3.38,13462,74,3,43,1
STU0296,4,2.85,38738,87,1,8,0
STU0297,2,3.65,4964,56,2,107,1
STU0298,4,3.35,131548,99,4,120,1
STU0299,1,3.61,36197,66,1,143,1
STU0300,4,3.51,82248,22,3,136,1
STU0301,3,2.79,126924,24,1,71,0
STU0302,3,2.92,75760,90,1,176,1
STU0303,3,3.57,146928,92,2,73,1
STU0304,4,3.51,103424,44,1,74,1
STU0305,1,3.19,90797,56,5,65,0
STU0306,3,3.26,147329,89,2,35,1
STU0307,2,3.84,63558,6,5,135,1
STU0308,1,2.9,108344,42,5,120,1
STU0309,1,3.47,144271,20,3,167,1
STU0310,4,3.1,52286,96,2,82,1
STU0311,1,3.09,60875,68,5,185,0
STU0312,2,3.75,109546,22,0,101,1
STU0313,3,3.61,9821,1,2,145,1
STU0314,3,3.61,74596,58,5,139,1
STU0315,2,3.85,132176,59,2,49,1
STU0316,4,3.21,67440,91,1,3,0
STU0317,2,3.54,46004,78,5,103,1
STU0318,1,3.04,105076,85,0,47,0
STU0319,2,3.36,1790,33,3,60,1
STU0320,3,3.13,79153,74,5,146,1
STU0321,2,3.25,16285,85,0,119,1
STU0322,3,3.5,30779,81,2,94,1
STU0323,2,2.79,125352,19,3,191,0
STU0324,4,4.0,140907,85,1,195,1
STU0325,1,2.7,137758,57,4,180,0
STU0326,1,2.59,16189,70,4,51,1
STU0327,3,3.78,136404,56,0,174,1
STU0328,1,3.6,133791,57,0,116,1
STU0329,1,3.51,146485,59,5,78,0
STU0330,1,3.51,57121,74,0,11,0
STU0331,1,3.19,18092,60,0,73,1
STU0332,4,2.75,98162,48,3,96,0
STU0333,2,3.24,91165,15,1,137,1
STU0334,2,2.86,910,96,0,76,1
STU0335,4,3.69,139443,48,1,63,0
STU0336,2,3.13,29581,4,5,107,1
STU0337,1,2.79,63089,26,0,25,0
STU0338,1,3.04,64155,94,0,102,1
STU0339,1,3.41,36735,64,2,59,0
STU0340,3,2.92,84060,30,2,36,0
STU0341,4,2.79,78774,35,0,142,0
STU0342,2,3.32,111988,71,3,12,0
STU0343,4,3.32,137484,40,5,106,1
STU0344,2,2.95,141014,60,1,57,0
STU0345,4,2.96,15105,71,3,106,1
STU0346,2,3.32,66845,26,2,165,1
STU0347,3,2.48,24238,68,5,48,0
STU0348,1,2.5,19079,24,4,185,1
STU0349,2,2.84,87284,38,0,54,0
STU0350,1,3.09,125546,31,5,154,1
STU0351,2,3.36,144724,41,2,97,0
STU0352,3,3.94,68566,46,4,127,1
STU0353,4,3.63,83947,26,2,80,0
STU0354,2,3.12,38252,2,2,141,1
STU0355,4,3.19,77382,19,1,84,0
STU0356,2,2.7,130888,70,5,175,0
STU0357,4,3.19,128606,58,1,187,1
STU0358,4,3.06,48247,69,5,15,0
STU0359,1,3.36,12717,97,0,105,1
STU0360,1,2.79,39591,1,1,129,0
STU0361,4,3.46,127888,2,0,136,0
STU0362,3,3.97,140440,36,0,128,1
STU0363,2,3.15,28053,12,4,38,1
STU0364,3,3.4,92914,34,3,20,0
STU0365,2,3.55,59207,38,5,20,0
STU0366,1,3.0,24510,51,3,96,1
STU0367,1,3.31,44927,10,3,111,1
STU0368,1,3.21,138453,5,1,54,0
STU0369,4,3.25,71065,5,0,175,1
STU0370,1,2.81,47016,40,0,53,0
STU0371,4,3.21,20168,38,1,144,1
STU0372,4,3.45,141705,42,3,193,1
STU0373,1,3.93,131279,95,2,13,1
STU0374,1,3.68,89284,77,4,152,1
STU0375,1,4.0,71651,100,3,125,1
STU0376,4,2.82,113206,23,5,149,1
STU0377,3,3.64,64605,91,0,21,0
STU0378,2,3.29,102137,40,2,27,0
STU0379,4,4.0,94350,97,2,26,1
STU0380,4,2.8,146010,71,4,104,1
STU0381,1,2.78,85047,49,0,74,0
STU0382,2,2.9,149935,66,1,175,1
STU0383,3,2.14,70361,63,1,16,0
STU0384,3,2.94,126938,100,0,92,0
STU0385,4,2.82,51261,58,0,34,0
STU0386,3,3.28,99585,42,3,85,0
STU0387,2,3.37,78757,41,4,177,1
STU0388,4,4.0,83660,37,5,177,1
STU0389,2,3.68,85429,48,2,100,1
STU0390,2,2.91,143033,23,5,196,1
STU0391,4,2.75,54958,56,2,177,0
STU0392,4,3.45,130889,17,5,77,0
STU0393,4,2.54,98825,9,3,153,0
STU0394,4,4.0,142513,4,2,179,1
STU0395,1,3.79,28670,98,1,168,1
STU0396,1,2.97,147644,82,5,165,1
STU0397,4,2.34,27772,1,0,66,0
STU0398,2,3.88,116858,47,3,118,1
STU0399,2,3.14,90431,3,3,26,0
STU0400,1,3.82,30426,93,1,89,1
STU0401,2,2.4,136607,61,2,121,0
STU0402,4,2.9,83600,8,2,11,0
STU0403,3,3.2,28668,86,1,189,1
STU0404,2,3.22,86766,71,3,118,1
STU0405,2,2.97,48860,81,5,110,1
STU0406,2,3.51,117853,75,3,99,1
STU0407,3,2.67,16400,73,0,137,1
STU0408,4,3.13,29872,33,5,125,1
STU0409,4,3.26,102903,75,0,89,0
STU0410,2,3.46,77973,78,4,21,0
STU0411,2,3.56,80053,14,1,95,0
STU0412,4,2.64,36141,73,3,108,0
STU0413,2,2.43,145467,21,3,73,0
STU0414,4,3.84,14053,45,0,124,1
STU0415,4,3.37,107252,87,3,106,1
STU0416,2,2.83,21671,72,0,194,0
STU0417,2,3.98,140930,36,1,199,1
STU0418,4,3.26,144107,65,0,146,1
STU0419,3,3.79,142093,96,0,194,1
STU0420,4,3.23,26847,94,5,192,1
STU0421,1,4.0,117894,33,2,22,1
STU0422,2,4.0,55018,94,4,176,1
STU0423,4,3.08,43511,78,1,200,1
STU0424,1,3.69,149441,44,4,71,0
STU0425,3,3.52,75846,73,2,131,1
STU0426,1,3.88,35543,96,3,15,1
STU0427,2,2.72,34784,31,1,182,0
STU0428,4,3.54,128308,18,4,161,1
STU0429,4,3.73,19796,81,0,103,1
STU0430,3,2.32,119195,62,2,148,1
STU0431,1,2.61,120179,81,5,178,0
STU0432,4,2.18,57102,54,1,126,0
STU0433,3,3.07,143474,73,1,144,1
STU0434,1,3.56,12043,12,5,200,0
STU0435,2,3.95,115680,58,0,109,1
STU0436,2,3.24,79132,20,2,23,0
STU0437,3,4.0,43391,6,3,160,1
STU0438,2,2.51,112520,83,0,180,0
STU0439,1,2.35,34786,75,1,132,0
STU0440,3,3.17,31612,54,5,33,0
STU0441,1,3.39,26850,13,2,94,1
STU0442,2,3.18,37448,8,4,144,1
STU0443,4,2.17,92061,92,1,160,0
STU0444,4,3.16,56949,11,0,35,0
STU0445,4,2.55,92152,54,2,35,0
STU0446,2,3.53,145069,76,4,184,1
STU0447,1,3.38,79075,26,4,155,1
STU0448,3,2.73,14304,100,1,126,1
STU0449,1,2.94,138487,1,2,81,0
STU0450,4,2.67,95790,69,5,44,0
STU0451,1,3.17,4375,75,0,3,0
STU0452,1,3.68,104326,64,2,160,1
STU0453,4,2.71,105454,10,5,137,0
STU0454,1,3.45,81240,10,4,52,0
STU0455,3,2.93,102427,75,5,195,1
STU0456,1,2.8,81309,89,3,186,1
STU0457,2,3.15,22600,55,0,116,1
STU0458,2,2.68,31311,1,5,35,0
STU0459,3,2.92,137102,66,5,66,0
STU0460,3,2.6,30947,98,0,85,0
STU0461,1,4.0,68930,91,4,160,1
STU0462,3,3.22,14533,63,4,42,1
STU0463,1,2.85,30234,29,5,130,1
STU0464,1,3.31,64107,5,3,93,0
STU0465,1,3.14,144930,91,5,167,1
STU0466,4,3.09,83869,34,0,146,1
STU0467,1,3.51,47014,28,4,11,1
STU0468,4,3.58,74005,99,2,83,1
STU0469,3,2.93,52604,37,4,200,1
STU0470,4,2.91,96540,75,3,197,1
STU0471,2,3.06,39470,0,3,6,0
STU0472,1,2.05,87822,0,5,96,0
STU0473,1,2.44,53790,67,1,107,0
STU0474,2,3.88,73354,11,0,59,1
STU0475,3,4.0,120182,95,0,148,1
STU0476,4,3.08,19616,75,4,15,1
STU0477,2,3.49,76461,33,2,100,1
STU0478,3,3.36,118687,34,1,19,0
STU0479,1,4.0,40739,13,1,115,1
STU0480,3,3.76,54430,57,2,118,1
STU0481,2,3.14,79748,90,5,154,1
STU0482,3,2.72,38882,11,5,63,0
STU0483,1,2.4,78339,33,1,7,0
STU0484,2,3.3,24831,59,0,35,1
STU0485,2,2.82,34266,25,3,95,0
STU0486,1,2.49,67848,9,0,16,0
STU0487,2,2.88,24111,42,0,10,1
STU0488,4,2.66,103546,63,0,97,0
STU0489,2,4.0,49060,35,2,114,0
STU0490,2,3.64,77360,63,3,140,1
STU0491,4,3.2,35975,53,1,164,1
STU0492,1,3.94,100269,100,5,91,1
STU0493,3,3.24,148282,64,2,99,0
STU0494,2,2.77,7681,99,2,14,1
STU0495,3,3.96,61017,20,0,63,1
STU0496,1,3.47,57517,73,3,90,0
STU0497,2,2.68,46163,30,4,81,0
STU0498,1,3.1,92191,72,4,36,0
STU0499,4,2.76,142114,39,1,125,1
STU0500,2,2.51,5224,67,3,0,1
STU0501,2,3.66,89327,91,1,82,0
STU0502,2,4.0,29077,67,2,18,1
STU0503,4,2.5,26484,43,2,82,1
STU0504,4,3.48,127716,83,2,44,1
STU0505,3,2.87,58520,85,4,44,0
STU0506,3,2.96,33383,22,5,0,0
STU0507,4,2.9,148762,4,1,154,1
STU0508,2,2.77,148255,13,3,36,0
STU0509,3,3.22,83759,21,5,22,0
STU0510,3,2.78,117081,1,2,53,0
STU0511,3,3.34,28320,92,0,12,1
STU0512,2,3.17,108532,63,3,89,0
STU0513,4,3.08,59135,20,3,18,0
STU0514,1,2.75,83549,33,0,18,0
STU0515,2,2.91,19661,70,0,86,1
STU0516,4,3.58,8124,55,5,42,1
STU0517,1,3.45,26544,42,1,48,1
STU0518,3,2.71,73799,38,1,24,1
STU0519,4,3.25,40262,6,2,0,0
STU0520,4,3.58,52343,12,0,52,0
STU0521,1,2.37,124143,14,2,200,0
STU0522,3,3.47,23890,82,4,99,1
STU0523,3,2.87,48911,57,0,67,0
STU0524,3,3.49,147913,7,1,192,1
STU0525,3,2.82,141937,52,4,58,0
STU0526,4,2.3,140381,87,3,146,0
STU0527,1,2.39,103495,91,0,128,0
STU0528,2,3.22,31531,96,3,44,1
STU0529,2,3.33,50521,16,0,108,1
STU0530,2,2.75,38765,76,2,81,0
STU0531,1,3.52,22813,49,4,101,1
STU0532,4,2.37,3241,100,5,159,0
STU0533,1,3.17,108643,19,1,145,1
STU0534,1,2.59,27691,72,0,73,1
STU0535,4,2.87,69241,49,5,124,1
STU0536,2,3.22,72198,51,1,158,1
STU0537,1,2.77,103754,42,5,60,1
STU0538,3,3.01,97633,2,2,77,0
STU0539,1,3.7,59757,17,2,190,1
STU0540,3,2.91,109254,77,5,22,0
STU0541,4,3.62,126998,97,4,95,1
STU0542,2,2.64,17201,39,5,129,1
STU0543,1,3.46,45544,24,1,14,0
STU0544,3,3.92,52195,35,2,118,1
STU0545,1,2.0,8011,30,2,125,0
STU0546,4,2.8,144528,44,2,41,0
STU0547,1,3.49,74729,3,3,12,0
STU0548,2,3.1,58025,82,1,173,1
STU0549,1,3.39,2332,60,1,165,1
STU0550,2,2.9,66162,77,2,182,1
STU0551,4,3.24,98690,44,3,64,0
STU0552,4,3.12,26820,0,4,169,1
STU0553,3,3.78,78243,87,0,123,1
STU0554,3,3.33,72583,33,5,182,1
STU0555,2,3.37,39303,66,1,14,0
STU0556,4,2.99,83777,87,1,184,1
STU0557,3,2.96,68007,53,3,99,0
STU0558,2,2.98,89959,92,5,56,0
STU0559,4,3.4,93977,64,2,43,0
STU0560,2,2.99,77013,12,3,32,0
STU0561,2,3.34,87984,83,0,56,0
STU0562,3,4.0,110224,100,2,95,1
STU0563,1,3.64,123348,6,5,149,1
STU0564,4,3.04,50998,64,0,174,1
STU0565,1,3.8,39525,17,1,87,1
STU0566,4,3.0,37545,40,5,46,0
STU0567,2,2.18,82159,81,0,1,0
STU0568,2,2.7,41532,62,0,33,0
STU0569,4,2.26,112466,61,3,1,1
STU0570,3,3.02,3690,41,4,48,0
STU0571,2,3.21,59314,88,2,79,1
STU0572,3,4.0,43783,8,0,76,1
STU0573,3,3.36,113682,87,1,87,0
STU0574,2,3.09,43223,51,0,58,0
STU0575,2,3.61,5744,75,4,43,1
STU0576,1,2.09,98354,81,2,197,0
STU0577,1,3.32,28341,83,0,12,1
STU0578,4,3.59,32399,70,2,121,1
STU0579,1,2.46,78935,53,5,25,0
STU0580,2,3.77,109792,13,4,184,1
STU0581,1,3.37,130479,25,4,51,0
STU0582,2,2.99,93827,90,3,75,0
STU0583,2,3.52,126003,42,1,0,1
STU0584,1,4.0,129526,19,0,199,1
STU0585,1,3.29,67080,82,1,116,1
STU0586,4,3.32,13128,12,1,10,1
STU0587,3,2.97,111672,94,0,24,0
STU0588,1,2.78,36279,84,5,43,0
STU0589,3,3.62,24366,47,2,46,1
STU0590,4,2.77,71259,49,5,122,0
STU0591,2,3.24,29637,16,5,185,1
STU0592,2,2.96,27187,53,4,123,1
STU0593,2,3.44,99549,99,2,156,1
STU0594,2,3.37,126636,62,0,105,1
STU0595,3,3.72,3240,90,5,134,1
STU0596,2,2.94,88683,66,4,176,1
STU0597,2,3.07,126334,44,5,173,1
STU0598,1,2.71,3052,82,1,129,1
STU0599,2,2.98,19625,96,3,82,1
STU0600,1,3.39,132888,28,4,164,1
STU0601,1,3.58,120348,56,4,114,1
STU0602,3,2.74,31118,63,5,167,1
STU0603,1,3.63,146048,70,0,23,0
STU0604,3,3.88,133257,71,1,167,1
STU0605,3,3.41,14227,28,3,84,1
STU0606,4,4.0,95235,91,3,29,1
STU0607,1,2.81,89484,45,5,74,0
STU0608,1,2.58,12000,21,3,35,1
STU0609,4,2.31,28039,32,4,50,0
STU0610,4,3.95,56515,58,1,183,1
STU0611,1,3.53,32301,98,3,117,1
STU0612,2,3.17,130764,0,4,188,1
STU0613,4,3.34,133256,99,1,177,1
STU0614,2,2.64,27146,49,5,153,1
STU0615,4,4.0,109750,77,5,195,1
STU0616,3,3.26,77115,57,1,35,0
STU0617,3,3.25,143604,40,5,188,1
STU0618,2,3.56,54974,79,5,74,0
STU0619,2,3.44,46612,64,4,177,1
STU0620,3,3.31,147398,61,4,146,1
STU0621,3,2.8,110726,1,4,27,1
STU0622,1,3.44,52403,34,1,73,0
STU0623,1,4.0,77369,26,4,8,1
STU0624,2,3.87,147133,49,1,130,1
STU0625,3,4.0,12315,48,3,106,1
STU0626,3,2.94,144736,6,0,190,1
STU0627,4,2.71,59126,81,5,181,0
STU0628,2,3.14,50724,37,3,45,0
STU0629,2,3.23,134701,15,3,10,0
STU0630,2,3.75,42186,74,2,1,1
STU0631,2,2.35,10470,19,2,152,0
STU0632,3,3.96,128594,73,4,91,1
STU0633,2,3.12,48200,66,0,129,1
STU0634,4,2.99,24102,44,1,54,1
STU0635,3,2.69,57264,96,4,135,0
STU0636,1,2.37,30073,85,2,114,0
STU0637,2,3.61,10453,87,2,97,1
STU0638,4,3.24,67263,69,5,72,1
STU0639,3,2.56,134823,65,3,124,1
STU0640,2,2.55,83968,65,0,24,0
STU0641,1,3.03,17163,26,5,161,1
STU0642,4,4.0,27243,26,4,179,1
STU0643,4,3.07,18905,95,5,39,1
STU0644,1,2.45,22943,9,0,45,0
STU0645,2,3.08,67803,52,3,115,1
STU0646,1,3.06,102105,86,0,136,1
STU0647,1,2.0,11931,89,0,91,0
STU0648,3,3.17,22676,36,3,97,1
STU0649,4,3.08,40979,68,1,34,0
STU0650,3,3.55,37768,38,5,186,1
STU0651,1,4.0,145103,71,1,31,1
STU0652,4,3.76,140811,70,0,78,1
STU0653,3,3.07,55505,52,5,131,1
STU0654,3,2.65,50941,14,1,171,0
STU0655,4,4.0,144091,9,2,171,1
STU0656,4,3.23,86730,45,1,171,1
STU0657,1,3.21,50724,40,3,115,1
STU0658,2,3.19,148256,72,2,80,0
STU0659,3,3.3,64533,100,1,182,1
STU0660,3,3.13,35207,86,5,84,1
STU0661,3,2.91,80077,62,4,27,0
STU0662,3,2.93,36700,68,1,67,0
STU0663,1,3.18,4883,64,5,7,1
STU0664,2,2.93,9609,70,2,139,1
STU0665,2,2.84,95897,50,1,197,1
STU0666,2,3.25,121818,64,4,23,0
STU0667,2,3.07,43474,96,4,35,1
STU0668,2,3.95,126747,45,0,56,1
STU0669,3,2.0,96845,29,0,171,0
STU0670,3,3.75,101736,60,3,11,1
STU0671,1,3.82,136674,81,2,189,1
STU0672,2,2.16,98739,83,3,93,0
STU0673,1,3.03,135440,32,3,57,0
STU0674,3,3.01,127627,61,4,1,0
STU0675,2,2.5,60290,9,4,164,0
STU0676,2,2.81,94954,77,5,30,0
STU0677,3,2.64,29711,61,5,122,1
STU0678,4,4.0,5884,31,0,32,1
STU0679,1,3.67,38499,7,1,66,1
STU0680,4,3.84,147745,81,0,184,1
STU0681,1,3.56,56778,57,4,120,1
STU0682,4,2.64,37411,74,1,159,0
STU0683,3,2.94,118874,76,4,17,0
STU0684,1,3.44,4341,25,4,129,1
STU0685,1,2.59,46510,60,4,153,1
STU0686,1,3.56,24429,61,5,33,1
STU0687,1,3.08,113114,66,3,94,0
STU0688,4,3.01,60158,61,3,89,0
STU0689,1,3.56,111539,17,2,122,1
STU0690,1,3.42,74256,76,4,104,0
STU0691,1,3.02,136980,15,4,1,0
STU0692,3,3.78,107176,46,0,39,1
STU0693,3,2.66,140536,54,4,93,0
STU0694,4,3.51,53397,52,4,200,1
STU0695,4,3.5,66526,39,4,88,0
STU0696,2,3.05,31217,95,1,114,1
STU0697,1,3.36,56218,65,3,86,0
STU0698,1,2.57,42136,49,5,1,0
STU0699,4,3.66,114131,11,0,67,0
STU0700,1,3.11,100748,51,4,167,1
STU0701,1,2.94,45946,81,3,112,1
STU0702,3,3.72,51051,4,4,130,1
STU0703,2,2.85,9453,46,1,167,1
STU0704,3,2.5,104709,45,5,101,0
STU0705,1,2.42,17987,11,4,72,0
STU0706,3,3.5,91088,35,1,155,1
STU0707,4,2.56,1219,33,1,104,1
STU0708,3,4.0,89120,14,4,65,1
STU0709,3,2.16,116069,48,4,123,0
STU0710,4,4.0,120775,75,0,123,1
STU0711,2,3.31,60274,40,3,90,0
STU0712,3,3.15,65079,36,0,102,1
STU0713,1,2.93,145372,22,3,80,0
STU0714,3,3.4,47915,95,5,48,1
STU0715,2,3.18,69574,26,1,51,0
STU0716,3,3.75,40893,99,0,30,1
STU0717,4,3.26,1736,97,4,10,1
STU0718,3,3.28,129064,73,2,125,1
STU0719,3,3.02,104301,28,4,32,0
STU0720,4,3.17,141759,4,4,88,0
STU0721,2,3.35,119851,15,5,132,1
STU0722,1,2.34,55247,48,4,25,0
STU0723,3,2.53,49060,70,2,60,0
STU0724,3,3.57,95924,23,3,108,1
STU0725,3,3.29,95703,51,2,115,1
STU0726,2,3.11,26180,92,2,60,1
STU0727,2,3.21,38232,94,1,121,1
STU0728,4,3.37,35250,80,4,136,1
STU0729,3,2.93,65791,71,4,12,0
STU0730,1,2.81,56483,32,3,161,1
STU0731,3,3.3,94624,46,4,142,1
STU0732,1,2.71,107940,15,2,173,0
STU0733,2,3.4,74608,45,2,172,1
STU0734,4,2.35,20554,48,4,73,0
STU0735,2,3.71,88444,53,5,156,1
STU0736,1,3.44,20738,20,2,58,1
STU0737,3,3.33,103666,34,3,199,1
STU0738,4,3.69,108524,21,1,5,0
STU0739,3,4.0,20988,26,1,101,1
STU0740,4,3.71,143768,6,0,197,1
STU0741,1,2.28,27244,33,4,39,0
STU0742,4,2.56,81099,29,1,188,0
STU0743,2,2.89,138082,21,0,8,0
STU0744,3,3.21,124821,59,4,69,0
STU0745,2,3.46,119680,80,5,162,1
STU0746,3,2.84,91008,61,4,58,0
STU0747,3,3.29,108056,33,1,77,1
STU0748,2,2.82,90147,36,3,136,1
STU0749,4,2.89,78541,1,3,74,0
STU0750,3,2.5,49432,52,4,111,0
STU0751,4,2.74,99184,28,2,20,0
STU0752,3,2.52,74626,83,5,136,0
STU0753,1,2.71,47816,17,2,28,0
STU0754,3,3.73,128973,24,2,4,1
STU0755,1,2.73,48742,13,2,68,0
STU0756,1,4.0,61029,11,1,3,1
STU0757,3,3.45,130651,47,3,178,1
STU0758,2,3.29,14690,34,3,18,1
STU0759,3,2.77,100028,1,0,196,0
STU0760,4,3.55,64792,94,0,50,0
STU0761,2,2.91,123948,49,5,79,0
STU0762,1,3.26,144069,66,0,64,0
STU0763,3,4.0,13654,85,1,28,1
STU0764,1,3.15,43872,35,4,30,0
STU0765,1,3.77,124589,88,4,39,1
STU0766,2,2.85,131050,11,5,158,1
STU0767,1,3.18,15669,45,5,39,1
STU0768,2,4.0,127885,29,2,142,1
STU0769,4,2.89,50584,2,5,96,0
STU0770,1,4.0,127219,90,3,143,1
STU0771,2,3.55,148557,23,4,89,0
STU0772,2,2.92,18055,67,1,115,1
STU0773,3,3.52,119034,0,5,129,1
STU0774,1,3.69,95440,99,4,61,1
STU0775,4,3.51,49773,67,5,127,1
STU0776,3,2.41,84567,52,5,82,0
STU0777,1,2.84,11475,16,1,8,1
STU0778,1,3.08,8340,73,5,99,1
STU0779,3,3.16,12867,46,1,155,0
STU0780,2,3.51,128819,10,3,163,1
STU0781,4,3.29,96749,90,0,157,0
STU0782,1,2.53,79666,9,1,132,0
STU0783,4,3.39,49665,24,4,168,1
STU0784,2,3.51,146387,95,4,106,1
STU0785,3,3.48,120250,89,5,109,1
STU0786,2,3.74,144170,51,4,86,1
STU0787,4,3.62,92359,40,4,83,0
STU0788,4,3.43,84790,77,1,144,1
STU0789,3,3.16,94374,57,3,101,0
STU0790,3,2.37,4273,66,1,77,1
STU0791,2,3.41,82550,2,5,70,0
STU0792,2,3.3,24716,4,3,91,1
STU0793,2,3.34,61078,32,2,23,0
STU0794,2,2.56,20237,92,2,123,1
STU0795,1,2.66,78746,4,5,147,0
STU0796,3,3.73,91207,55,3,30,1
STU0797,1,3.18,100266,6,2,134,1
STU0798,2,3.54,85676,64,5,56,0
STU0799,4,3.21,116815,96,4,147,1
STU0800,3,3.21,103369,18,1,86,0
STU0801,1,3.67,143694,51,2,21,0
STU0802,2,2.94,35355,61,4,50,0
STU0803,2,3.25,147106,78,5,134,1
STU0804,4,2.97,84780,87,4,22,0
STU0805,3,2.98,91306,24,2,88,0
STU0806,3,3.05,44369,44,4,113,1
STU0807,2,3.31,52346,87,2,39,1
STU0808,1,2.96,14296,31,4,37,1
STU0809,1,3.83,89986,88,0,78,0
STU0810,2,2.75,141034,27,1,139,0
STU0811,4,3.11,37053,88,5,171,1
STU0812,1,2.98,66966,21,0,72,0
STU0813,3,3.92,13915,59,5,2,1
STU0814,3,3.3,28283,2,2,166,1
STU0815,1,3.72,82694,62,4,136,1
STU0816,4,2.46,146980,91,0,10,0
STU0817,3,3.33,128432,50,5,40,1
STU0818,3,3.64,79253,30,4,70,0
STU0819,4,3.24,7724,71,2,57,1
STU0820,2,3.73,23014,93,3,133,1
STU0821,2,2.94,109401,30,4,39,0
STU0822,3,3.9,117747,69,1,52,1
STU0823,2,4.0,36204,39,5,180,1
STU0824,4,3.02,38050,83,4,40,1
STU0825,1,2.98,48269,40,1,186,1
STU0826,4,3.93,107807,38,3,190,1
STU0827,3,3.99,39834,99,1,27,0
STU0828,3,2.94,148646,78,1,152,1
STU0829,3,2.99,20834,88,3,34,1
STU0830,3,3.06,48228,49,3,121,1
STU0831,1,2.53,107109,97,0,69,0
STU0832,2,2.74,53624,8,1,112,0
STU0833,3,2.7,119942,31,3,103,0
STU0834,4,2.82,82024,50,4,190,1
STU0835,1,3.18,136485,13,3,116,0
STU0836,2,3.32,135974,68,3,188,1
STU0837,1,3.98,49768,37,3,101,1
STU0838,3,2.7,120939,21,3,75,0
STU0839,2,3.69,121524,82,3,23,1
STU0840,2,3.09,103040,52,2,115,1
STU0841,2,3.18,119192,11,2,82,0
STU0842,2,3.54,32386,11,0,180,1
STU0843,4,2.64,134130,78,1,96,0
STU0844,2,3.39,87868,72,5,38,0
STU0845,1,3.28,109990,39,2,186,1
STU0846,2,3.45,30816,16,1,0,0
STU0847,4,3.34,130450,63,4,1,0
STU0848,2,4.0,124705,58,3,113,1
STU0849,2,2.88,143482,35,4,160,1
STU0850,1,2.93,48454,18,0,167,1
STU0851,1,2.89,78234,42,0,12,0
STU0852,2,2.92,74548,78,5,177,1
STU0853,2,2.88,119364,95,4,92,0
STU0854,3,3.79,84625,47,3,17,1
STU0855,1,3.91,76764,60,1,31,1
STU0856,4,2.91,137532,26,5,53,0
STU0857,1,2.78,126789,92,5,154,0
STU0858,3,3.44,111949,77,2,66,0
STU0859,3,2.92,34003,78,4,127,1
STU0860,4,3.52,47161,78,1,181,1
STU0861,1,3.3,6287,59,5,30,1
STU0862,4,2.44,108538,5,2,89,0
STU0863,1,3.97,52740,88,2,65,1
STU0864,3,4.0,1607,14,5,85,1
STU0865,1,2.89,46040,24,2,86,0
STU0866,4,3.01,9321,82,1,123,1
STU0867,3,3.34,121233,100,3,190,1
STU0868,3,3.37,145536,68,0,53,0
STU0869,3,3.53,17357,19,2,7,1
STU0870,2,4.0,149679,77,3,47,1
STU0871,3,3.11,82444,90,0,69,0
STU0872,2,2.8,97408,57,2,55,0
STU0873,3,2.51,9802,99,1,23,0
STU0874,4,2.83,131086,19,1,87,0
STU0875,3,3.18,85809,18,0,132,1
STU0876,1,4.0,120420,49,5,133,1
STU0877,1,2.94,22826,42,3,11,1
STU0878,3,3.31,5893,73,2,163,1
STU0879,2,3.19,75121,35,4,81,0
STU0880,3,3.79,39143,20,2,29,1
STU0881,1,4.0,54153,69,2,140,1
STU0882,3,2.93,64179,21,0,79,0
STU0883,4,2.96,13297,16,0,120,1
STU0884,4,3.72,14103,11,3,100,1
STU0885,4,3.54,93224,39,2,50,0
STU0886,1,4.0,122079,72,1,23,1
STU0887,4,3.49,25496,58,2,175,1
STU0888,4,3.02,60737,28,1,157,1
STU0889,2,3.5,86593,100,2,116,1
STU0890,1,3.75,92128,61,3,43,1
STU0891,2,3.61,133155,13,3,182,1
STU0892,1,3.45,79198,68,3,102,1
STU0893,2,3.73,143641,20,3,98,1
STU0894,4,3.78,114125,72,2,139,1
STU0895,1,3.89,127567,14,4,152,1
STU0896,4,3.52,46182,39,3,17,1
STU0897,4,3.12,85828,63,5,169,1
STU0898,2,3.27,48,96,1,169,1
STU0899,4,3.8,117220,25,1,174,1
STU0900,3,2.79,113961,91,2,22,0
STU0901,4,3.38,33437,37,0,94,0
STU0902,1,3.0,146808,45,0,72,0
STU0903,4,3.21,83395,91,3,103,1
STU0904,2,3.84,124484,17,1,142,1
STU0905,4,3.3,40440,36,5,32,0
STU0906,1,3.22,37747,92,3,168,1
STU0907,1,2.52,35971,82,3,116,0
STU0908,4,3.57,47132,58,4,108,1
STU0909,3,3.52,59176,23,3,154,1
STU0910,2,4.0,131525,34,3,139,0
STU0911,1,3.05,148937,61,5,94,0
STU0912,1,3.31,37247,93,5,134,1
STU0913,3,3.32,121880,66,0,133,1
STU0914,4,3.99,20468,87,5,138,1
STU0915,1,3.15,90058,68,0,120,1
STU0916,3,3.34,110366,45,2,74,0
STU0917,3,3.5,147772,33,0,161,1
STU0918,1,3.29,76481,94,4,6,1
STU0919,1,2.98,72836,32,1,157,1
STU0920,1,3.3,29242,77,1,151,1
STU0921,3,3.74,45979,33,5,60,1
STU0922,1,2.69,89875,10,1,152,0
STU0923,4,3.27,108251,98,3,60,1
STU0924,2,2.85,55274,73,5,88,0
STU0925,1,3.8,13768,21,3,102,1
STU0926,2,2.44,99562,87,5,99,0
STU0927,4,2.92,3109,36,3,97,1
STU0928,1,3.39,25523,68,5,90,1
STU0929,3,3.98,87809,34,2,25,1
STU0930,4,3.17,63385,93,5,150,1
STU0931,2,2.92,82121,70,0,172,1
STU0932,4,4.0,25611,67,0,175,1
STU0933,3,2.48,66033,24,0,6,0
STU0934,2,2.1,31926,90,0,22,0
STU0935,2,3.42,29057,89,1,64,1
STU0936,1,2.95,118867,35,3,177,1
STU0937,3,2.69,67459,20,0,70,0
STU0938,3,3.55,15744,33,2,45,1
STU0939,2,3.32,102926,22,5,125,1
STU0940,4,2.92,57248,78,5,27,0
STU0941,1,2.56,9138,9,0,146,1
STU0942,1,3.64,130469,19,5,163,0
STU0943,4,3.53,69844,19,5,84,0
STU0944,4,3.15,125341,55,3,186,1
STU0945,2,4.0,867,49,5,199,1
STU0946,3,2.66,87409,87,2,102,0
STU0947,1,2.44,95775,68,2,20,0
STU0948,3,2.85,53246,22,4,10,0
STU0949,3,3.18,102263,13,5,176,1
STU0950,4,3.32,49666,17,0,49,1
STU0951,2,3.08,128249,49,0,138,1
STU0952,4,3.38,4303,4,2,14,1
STU0953,4,2.57,30982,27,5,170,0
STU0954,2,3.92,61075,9,0,188,1
STU0955,4,3.16,12006,31,5,166,1
STU0956,1,3.76,80566,12,3,156,1
STU0957,1,3.37,29931,63,4,157,1
STU0958,4,3.43,88432,94,5,102,1
STU0959,2,3.48,84302,27,0,151,1
STU0960,3,3.42,37024,96,3,43,1
STU0961,4,3.52,63869,74,0,34,0
STU0962,4,3.86,41354,2,3,20,1
STU0963,1,3.3,74378,53,5,197,1
STU0964,2,3.55,71027,66,3,105,1
STU0965,1,3.16,47186,91,3,156,1
STU0966,3,3.92,91187,53,0,142,1
STU0967,1,2.86,94870,97,4,129,1
STU0968,2,4.0,72463,6,1,28,1
STU0969,4,3.18,130420,22,1,171,1
STU0970,3,2.48,74727,26,3,64,0
STU0971,4,3.26,11355,13,5,13,1
STU0972,1,2.86,127155,65,0,18,0
STU0973,3,3.62,109855,25,5,173,1
STU0974,1,2.87,85493,29,0,60,0
STU0975,4,2.98,57845,9,3,149,1
STU0976,2,2.26,56666,78,3,45,0
STU0977,2,2.97,94002,34,1,85,0
STU0978,1,2.0,73558,17,0,119,0
STU0979,3,2.41,57633,37,4,40,0
STU0980,2,3.58,144901,29,0,105,1
STU0981,2,3.59,124122,59,2,3,0
STU0982,2,3.41,64967,41,3,148,1
STU0983,2,2.72,1331,53,0,10,1
STU0984,1,3.18,111594,67,3,122,1
STU0985,1,3.2,118604,63,1,21,0
STU0986,4,2.62,57149,16,2,75,0
STU0987,1,3.95,125772,85,2,41,1
STU0988,1,3.64,119233,59,1,180,1
STU0989,3,3.09,121712,90,5,0,1
STU0990,3,3.21,139177,4,2,109,1
STU0991,2,3.3,21222,79,2,188,1
STU0992,3,2.18,13516,14,3,93,0
STU0993,3,3.08,45945,82,4,180,1
STU0994,2,2.86,36282,42,1,138,1
STU0995,2,2.7,59097,41,2,68,0
STU0996,1,3.06,16611,47,2,115,1
STU0997,1,4.0,123250,90,4,173,1
STU0998,4,3.52,96507,86,5,16,1
STU0999,1,2.91,21016,50,1,73,1
STU1000,2,3.49,72336,14,5,37,0
STU1001,1,3.9,76852,53,5,138,1
STU1002,4,3.66,116355,94,5,5,1
STU1003,2,3.23,136215,82,2,105,1
STU1004,3,2.88,127440,75,5,178,1
STU1005,4,3.55,79713,72,1,78,0
STU1006,4,3.4,97491,36,0,37,0
STU1007,2,3.65,42150,91,4,73,1
STU1008,2,3.52,42271,30,0,10,1
STU1009,4,3.72,68264,47,1,52,0
STU1010,3,2.93,90137,18,2,114,1
STU1011,3,3.86,31847,3,3,127,1
STU1012,3,3.3,40908,0,5,139,1
STU1013,3,4.0,124232,37,4,170,1
STU1014,4,2.86,88784,88,0,187,0
STU1015,1,4.0,80761,3,3,158,1
STU1016,1,3.3,85555,7,4,164,1
STU1017,3,2.87,51305,2,0,137,1
STU1018,1,2.96,134162,50,1,125,1
STU1019,1,3.04,94650,50,1,183,1
STU1020,3,3.41,3195,36,2,89,1
STU1021,1,3.46,56543,93,3,189,1
STU1022,3,2.91,42936,93,3,186,1
STU1023,1,3.19,37654,26,2,121,1
STU1024,3,4.0,17331,75,3,22,1
STU1025,3,4.0,108662,22,4,118,1
STU1026,2,3.42,52234,23,3,74,0
STU1027,3,3.22,79669,63,4,189,0
STU1028,1,3.26,40376,33,2,163,1
STU1029,3,3.51,109355,22,3,176,0
STU1030,3,2.69,129250,8,4,190,0
STU1031,4,3.07,67609,80,5,121,1
STU1032,3,2.37,134355,93,4,4,0
STU1033,1,3.4,38308,40,3,177,1
STU1034,3,3.52,94676,53,5,91,1
STU1035,1,2.96,134707,24,5,46,0
STU1036,2,3.99,142530,41,2,175,1
STU1037,3,2.59,25122,68,4,90,0
STU1038,3,2.47,97783,99,3,105,0
STU1039,1,3.31,57114,19,4,56,0
STU1040,1,3.72,109404,58,0,29,1
STU1041,4,4.0,91281,39,5,92,1
STU1042,3,2.97,45143,90,2,7,0
STU1043,2,3.74,37318,88,1,78,1
STU1044,1,3.18,111360,88,0,19,1
STU1045,4,3.11,11145,25,0,8,1
STU1046,1,3.64,122967,15,2,11,0
STU1047,1,3.53,32451,77,1,150,1
STU1048,3,2.41,7670,11,1,191,0
STU1049,3,3.94,92327,20,4,199,1
STU1050,1,3.89,25979,74,0,135,1
STU1051,3,2.89,45029,96,4,1,0
STU1052,2,3.4,132171,90,3,93,1
STU1053,1,3.45,47408,45,3,108,1
STU1054,1,3.33,82386,15,3,28,0
STU1055,3,2.92,75568,71,5,10,0
STU1056,4,2.86,74347,58,4,188,1
STU1057,4,3.19,59211,70,3,74,0
STU1058,1,3.79,124695,86,2,45,1
STU1059,1,3.47,103905,56,4,168,1
STU1060,4,3.01,105021,88,4,26,1
STU1061,2,3.59,16963,46,1,86,1
STU1062,4,2.0,32181,29,3,185,0
STU1063,3,3.77,104919,45,3,170,1
STU1064,4,2.33,134064,35,1,196,0
STU1065,4,3.02,130357,29,5,34,1
STU1066,1,2.64,130583,86,0,45,0
STU1067,2,2.55,79364,79,4,24,0
STU1068,4,3.78,122164,25,2,169,1
STU1069,3,2.97,141696,69,0,195,1
STU1070,1,3.37,100566,57,2,96,0
STU1071,2,3.18,145926,84,2,180,1
STU1072,3,3.44,101995,62,0,145,1
STU1073,4,3.24,124757,71,1,129,1
STU1074,4,2.56,92474,98,2,82,0
STU1075,2,3.7,96052,44,5,149,1
STU1076,3,2.95,99765,12,3,88,0
STU1077,1,2.42,64023,31,1,165,0
STU1078,1,2.99,79930,14,2,43,1
STU1079,4,3.95,110748,72,4,107,1
STU1080,1,3.63,82972,48,4,99,0
STU1081,4,3.03,26229,88,5,52,1
STU1082,3,3.03,43680,78,2,93,0
STU1083,1,3.04,140465,27,2,67,1
STU1084,4,4.0,59214,79,5,23,1
STU1085,3,3.39,71660,8,4,135,1
STU1086,1,3.42,79127,64,2,110,1
STU1087,4,3.72,105460,32,4,131,1
STU1088,2,3.32,4876,80,5,132,1
STU1089,2,3.07,122498,34,5,136,1
STU1090,4,3.1,148404,93,5,15,1
STU1091,2,3.16,63012,19,5,175,1
STU1092,4,3.18,83533,8,5,52,0
STU1093,3,3.56,42096,32,5,153,1
STU1094,2,3.23,50309,3,1,79,0
STU1095,4,3.57,110629,82,0,51,0
STU1096,3,3.16,72816,84,4,45,0
STU1097,4,3.24,5218,7,0,80,1
STU1098,4,2.2,95272,85,5,23,0
STU1099,2,3.66,61876,14,4,188,1
STU1100,3,3.37,130141,11,1,153,1
STU1101,3,3.7,102223,95,5,60,1
STU1102,1,2.0,45915,27,2,112,0
STU1103,1,4.0,128544,68,2,179,1
STU1104,4,3.13,124480,87,1,71,0
STU1105,3,3.75,124576,91,2,78,1
STU1106,1,2.68,14332,88,5,61,1
STU1107,3,3.51,31995,68,1,113,1
STU1108,4,2.67,66986,38,0,193,0
STU1109,2,2.89,115040,80,2,196,1
STU1110,3,4.0,20996,99,3,120,1
STU1111,3,3.1,110720,12,1,178,1
STU1112,4,3.31,143583,94,2,116,1
STU1113,2,3.64,116235,82,1,0,0
STU1114,3,3.45,21556,14,1,63,1
STU1115,2,3.28,107561,40,3,122,1
STU1116,2,3.38,85873,36,1,21,0
STU1117,4,4.0,149524,28,0,5,1
STU1118,2,3.17,23324,59,1,67,1
STU1119,4,3.3,112434,76,2,38,0
STU1120,1,3.73,3700,91,4,111,1
STU1121,4,3.75,31067,28,5,52,1
STU1122,3,3.79,75487,95,3,97,1
STU1123,2,3.52,74178,93,5,48,1
STU1124,2,2.63,7542,37,2,60,1
STU1125,3,4.0,120104,10,0,120,1
STU1126,4,2.63,55631,91,3,181,0
STU1127,1,3.35,24976,71,0,13,1
STU1128,3,2.82,11930,0,2,129,1
STU1129,4,3.17,97229,16,4,10,0
STU1130,4,3.36,88913,59,1,22,0
STU1131,2,3.36,68263,14,2,11,0
STU1132,3,3.41,94527,55,2,67,0
STU1133,3,4.0,135521,40,3,42,1
STU1134,2,3.43,145666,84,5,112,1
STU1135,2,3.08,48009,4,3,66,0
STU1136,1,3.68,129737,5,3,91,0
STU1137,4,3.79,129233,14,5,37,1
STU1138,3,2.59,47357,21,5,130,0
STU1139,2,3.5,1081,67,4,46,1
STU1140,4,3.55,24721,42,0,72,1
STU1141,4,3.05,97926,75,0,82,0
STU1142,4,3.89,119027,80,2,152,1
STU1143,1,3.12,118777,41,5,187,1
STU1144,2,3.26,55408,6,5,72,0
STU1145,1,3.11,143433,77,3,23,0
STU1146,4,3.21,23380,2,1,41,1
STU1147,2,2.65,31615,38,3,110,0
STU1148,2,2.48,94121,85,0,94,0
STU1149,4,4.0,124895,34,4,153,1
STU1150,3,2.78,48852,55,5,109,0
STU1151,4,2.7,58780,82,5,182,0
STU1152,1,2.12,76206,59,3,20,0
STU1153,2,2.88,33499,87,2,63,0
STU1154,1,2.54,144439,9,0,131,0
STU1155,1,4.0,121806,84,5,145,1
STU1156,1,3.7,131974,2,0,189,1
STU1157,2,2.86,103011,5,0,106,1
STU1158,4,4.0,117951,79,2,87,1
STU1159,2,3.69,55330,23,0,191,1
STU1160,1,3.04,113717,68,0,1,0
STU1161,4,2.0,120628,88,3,168,0
STU1162,4,4.0,79377,79,4,92,1
STU1163,4,2.51,79339,11,1,34,1
STU1164,1,2.38,49341,3,1,123,0
STU1165,4,3.71,141186,24,0,77,1
STU1166,4,4.0,5719,14,1,39,1
STU1167,4,3.89,123598,2,3,149,1
STU1168,4,3.48,13348,42,0,26,1
STU1169,4,3.5,129945,94,4,152,1
STU1170,1,3.63,127794,51,3,131,1
STU1171,4,3.58,60792,91,0,135,1
STU1172,1,3.34,70214,82,3,121,1
STU1173,3,3.25,117525,89,3,5,1
STU1174,4,3.17,90137,56,1,129,1
STU1175,3,2.82,122805,16,2,185,1
STU1176,3,3.06,123817,20,4,53,0
STU1177,4,2.35,33841,22,1,40,0
STU1178,4,3.15,129427,38,1,53,0
STU1179,3,2.71,68369,45,5,40,0
STU1180,1,2.65,16689,43,3,29,1
STU1181,2,3.29,127497,33,2,200,0
STU1182,3,3.9,39630,88,4,154,1
STU1183,4,3.66,119835,96,0,27,0
STU1184,1,2.41,147448,5,4,26,0
STU1185,2,2.71,94801,20,5,74,0
STU1186,4,3.67,26029,19,5,93,1
STU1187,2,2.71,115109,53,0,62,0
STU1188,3,3.09,132388,21,0,68,0
STU1189,3,3.48,64343,19,4,107,1
STU1190,4,2.72,108372,52,3,132,0
STU1191,1,3.25,116019,18,0,183,1
STU1192,1,2.53,88684,40,3,197,0
STU1193,1,2.9,39571,73,0,161,1
STU1194,3,3.36,109918,51,5,179,1
STU1195,3,2.4,90218,1,2,135,0
STU1196,4,3.42,116965,82,1,139,1
STU1197,4,3.19,90505,100,5,103,1
STU1198,1,3.48,9691,68,2,99,1
STU1199,2,3.31,136438,69,2,54,0
STU1200,3,3.88,41950,2,0,138,1
STU1201,3,3.26,110820,64,0,187,1
STU1202,3,2.99,32456,6,5,31,0
STU1203,1,3.26,118789,43,1,190,1
STU1204,2,3.47,91838,38,2,170,1
STU1205,2,3.22,99002,66,5,63,0
STU1206,2,3.22,94704,58,0,37,0
STU1207,1,2.85,24182,7,3,33,1
STU1208,3,2.87,137954,51,4,143,1
STU1209,3,2.5,130764,81,3,112,0
STU1210,4,4.0,42688,18,4,32,1
STU1211,1,2.58,55742,58,3,8,0
STU1212,3,2.85,31133,77,3,28,0
STU1213,1,2.84,137042,19,0,95,0
STU1214,3,3.65,127382,3,1,36,0
STU1215,3,3.05,74313,27,1,189,1
STU1216,3,3.82,17711,5,3,123,1
STU1217,3,2.86,98908,60,5,155,1
STU1218,4,3.34,117946,85,3,38,1
STU1219,4,2.78,101511,29,3,86,0
STU1220,4,4.0,72712,82,0,42,1
STU1221,3,2.61,147074,82,0,164,0
STU1222,1,3.35,149486,66,1,192,1
STU1223,1,3.52,139423,23,0,70,0
STU1224,4,3.41,22189,68,4,82,0
STU1225,1,3.11,89117,55,1,106,1
STU1226,4,3.14,67417,11,0,25,0
STU1227,2,3.22,66992,98,0,39,0
STU1228,2,3.13,15443,78,2,46,1
STU1229,4,3.68,25885,40,1,105,1
STU1230,1,4.0,13599,25,1,192,1
STU1231,4,2.92,30167,34,0,81,0
STU1232,4,2.52,7577,52,5,59,0
STU1233,1,3.16,64570,97,4,166,1
STU1234,4,4.0,116911,10,5,128,1
STU1235,3,2.8,141673,21,1,137,1
STU1236,4,4.0,10955,0,3,158,1
STU1237,1,4.0,15774,61,2,153,1
STU1238,3,2.92,55772,74,4,72,1
STU1239,1,3.48,78810,11,3,178,1
STU1240,3,4.0,113236,26,4,129,1
STU1241,3,3.01,68514,96,5,115,1
STU1242,3,3.1,89556,26,3,153,1
STU1243,2,2.91,536,77,3,1,1
STU1244,4,2.69,145697,89,5,125,0
STU1245,1,2.88,141203,3,5,113,1
STU1246,4,2.59,93838,49,1,196,0
STU1247,1,3.22,121292,47,1,113,1
STU1248,3,2.82,93800,24,0,157,1
STU1249,2,3.32,61409,63,2,9,0
STU1250,2,2.42,1870,25,5,101,0
STU1251,4,3.37,44689,70,1,168,1
STU1252,2,3.62,17133,75,1,190,1
STU1253,2,2.2,137122,93,2,49,0
STU1254,3,3.39,146831,58,0,109,1
STU1255,1,3.81,84672,55,3,70,1
STU1256,4,2.6,94757,66,0,184,0
STU1257,4,4.0,139568,57,2,1,1
STU1258,1,3.41,59147,88,3,19,1
STU1259,3,2.85,81475,8,5,160,1
STU1260,1,3.17,87635,32,1,27,0
STU1261,1,3.48,87448,66,1,18,0
STU1262,1,3.24,117035,74,0,21,0
STU1263,4,3.47,82124,88,0,200,1
STU1264,4,2.74,14362,38,4,160,1
STU1265,1,3.28,146606,6,2,97,0
STU1266,4,2.49,61108,76,5,159,1
STU1267,4,3.14,26549,43,5,172,1
STU1268,3,2.75,50457,13,0,3,0
STU1269,2,2.83,33025,81,4,65,0
STU1270,4,3.82,48738,31,1,11,1
STU1271,4,3.75,134512,83,2,79,1
STU1272,2,3.5,38642,60,2,154,1
STU1273,1,2.65,135706,75,5,173,0
STU1274,1,3.04,110640,44,1,51,0
STU1275,1,3.81,89535,24,5,121,1
STU1276,3,3.27,148398,42,4,76,0
STU1277,4,4.0,11060,63,1,0,1
STU1278,4,3.4,55872,30,3,188,1
STU1279,4,3.3,53822,51,1,1,0
STU1280,1,3.05,145409,14,1,74,0
STU1281,3,3.27,11509,3,1,50,1
STU1282,3,3.12,45687,43,4,62,0
STU1283,3,3.55,26526,2,5,35,1
STU1284,1,3.68,88705,26,2,116,1
STU1285,2,2.81,138130,79,3,182,1
STU1286,2,2.53,49713,24,4,96,0
STU1287,4,2.28,64107,5,4,150,0
STU1288,2,3.45,85899,31,0,161,1
STU1289,4,2.65,54850,93,0,200,0
STU1290,1,2.12,43891,65,3,192,0
STU1291,3,3.39,130701,66,3,45,0
STU1292,4,4.0,129706,60,2,148,1
STU1293,1,3.2,54316,28,1,115,1
STU1294,3,3.62,111417,48,4,40,0
STU1295,1,3.24,35213,96,0,75,0
STU1296,1,3.15,121963,65,4,86,0
STU1297,4,3.66,96341,63,2,69,0
STU1298,2,3.05,69631,82,0,91,0
STU1299,1,3.33,72463,29,0,30,0
STU1300,2,3.36,87492,25,5,84,0
STU1301,3,2.87,49975,90,4,35,0
STU1302,3,3.7,2237,98,2,72,1
STU1303,4,3.11,106367,74,5,3,0
STU1304,2,2.82,104203,29,1,185,1
STU1305,4,3.47,120953,43,0,80,0
STU1306,4,2.75,54941,56,3,142,1
STU1307,2,3.21,80103,94,0,127,1
STU1308,3,3.2,59111,53,3,175,1
STU1309,3,3.74,85479,75,0,145,1
STU1310,2,3.44,86573,72,5,154,1
STU1311,4,3.19,99960,26,3,16,0
STU1312,1,3.61,86203,72,3,163,1
STU1313,1,3.9,144941,22,0,176,0
STU1314,2,3.48,18216,49,2,52,1
STU1315,1,3.21,119187,7,2,132,1
STU1316,4,2.54,102525,20,0,33,0
STU1317,1,2.67,101972,26,1,52,0
STU1318,4,3.05,41623,77,4,79,0
STU1319,4,2.9,72205,25,0,36,0
STU1320,2,3.11,137850,42,4,125,1
STU1321,1,3.23,75474,82,3,88,1
STU1322,3,3.46,102521,78,1,106,1
STU1323,4,3.16,120016,49,5,46,0
STU1324,1,3.44,62834,20,2,160,1
STU1325,1,3.23,56952,63,3,195,1
STU1326,1,2.21,27583,64,2,104,0
STU1327,1,2.73,121154,3,0,163,0
STU1328,4,3.13,90087,95,3,49,0
STU1329,1,2.6,35777,41,5,191,0
STU1330,1,3.5,143767,84,1,182,1
STU1331,3,3.97,42301,21,0,155,1
STU1332,4,3.81,44159,9,5,195,1
STU1333,4,3.09,93870,22,1,182,1
STU1334,2,3.95,115882,89,0,162,1
STU1335,1,3.27,102398,88,2,113,0
STU1336,4,3.03,52884,31,2,61,0
STU1337,1,2.89,3816,43,1,174,1
STU1338,1,3.05,44009,92,1,11,0
STU1339,3,3.01,84588,71,5,48,0
STU1340,4,3.29,112166,15,1,54,0
STU1341,1,3.28,105418,83,2,3,1
STU1342,1,3.2,72995,83,4,94,1
STU1343,4,3.42,79045,98,4,127,1
STU1344,2,3.8,66044,12,4,83,1
STU1345,2,3.67,87044,22,5,194,1
STU1346,4,2.46,17698,42,0,155,0
STU1347,2,2.0,131968,75,5,3,0
STU1348,1,3.67,80962,30,5,109,1
STU1349,1,2.52,36059,47,3,75,0
STU1350,1,3.09,62407,92,4,113,1
STU1351,3,2.61,83240,82,0,133,0
STU1352,3,2.3,6211,29,5,84,0
STU1353,1,3.47,65100,87,5,184,1
STU1354,3,3.58,48115,56,5,1,1
STU1355,2,2.91,13659,81,1,52,1
STU1356,2,2.0,61947,64,0,109,0
STU1357,2,2.93,64205,54,1,155,1
STU1358,4,3.4,52796,34,3,20,0
STU1359,4,2.46,43978,60,3,108,0
STU1360,2,3.29,126353,2,3,109,1
STU1361,3,3.19,140823,19,4,186,1
STU1362,3,3.49,118909,36,3,143,1
STU1363,2,3.26,123013,25,1,48,1
STU1364,3,2.71,128831,51,3,101,0
STU1365,4,3.8,80690,82,4,18,0
STU1366,1,3.12,100879,72,1,49,0
STU1367,3,3.19,133590,90,3,162,1
STU1368,4,2.73,111159,94,1,62,0
STU1369,3,2.98,7407,89,5,165,1
STU1370,2,2.76,66660,31,4,148,0
STU1371,1,3.11,30600,98,0,164,1
STU1372,1,4.0,135931,24,3,42,1
STU1373,3,2.51,131241,68,5,97,0
STU1374,1,2.39,28645,81,4,198,0
STU1375,3,3.94,54925,95,3,178,1
STU1376,4,3.1,413,12,0,198,1
STU1377,3,2.87,112970,21,1,95,0
STU1378,4,3.72,47706,64,0,115,1
STU1379,2,2.9,15461,95,1,194,1
STU1380,4,4.0,115534,80,4,27,1
STU1381,3,3.54,22467,48,0,70,0
STU1382,2,2.96,125277,62,5,194,1
STU1383,1,4.0,10973,12,1,133,1
STU1384,3,2.9,127382,60,2,154,1
STU1385,3,3.57,82634,30,2,170,1
STU1386,3,3.35,86574,12,0,116,1
STU1387,2,3.85,6731,77,0,135,1
STU1388,2,3.98,96581,57,4,175,1
STU1389,4,3.22,49266,0,5,82,1
STU1390,1,2.82,85334,86,3,59,0
STU1391,1,3.43,91313,54,3,168,1
STU1392,4,2.86,77034,77,1,182,1
STU1393,1,4.0,33518,63,0,77,1
STU1394,4,3.27,44054,57,0,123,1
STU1395,2,3.02,44677,96,5,179,1
STU1396,1,3.29,42004,41,3,196,1
STU1397,4,2.53,32269,85,1,136,0
STU1398,3,2.71,58669,73,4,16,0
STU1399,4,3.8,147298,55,1,57,1
STU1400,1,2.87,23367,43,5,151,1
STU1401,1,2.68,96400,16,2,97,0
STU1402,1,3.47,140405,24,3,108,1
STU1403,2,3.79,136249,84,4,151,1
STU1404,4,3.56,82818,18,2,56,0
STU1405,3,3.7,38239,95,5,179,1
STU1406,1,2.82,71683,90,4,122,1
STU1407,3,2.49,98751,7,2,39,0
STU1408,2,3.95,13779,99,1,124,1
STU1409,2,3.04,5653,70,3,86,1
STU1410,3,3.07,102593,50,0,135,1
STU1411,2,3.86,143657,50,0,33,1
STU1412,1,3.48,79711,58,5,41,0
STU1413,4,3.43,76305,18,1,55,0
STU1414,1,4.0,94955,92,4,26,1
STU1415,2,2.88,98711,54,5,43,0
STU1416,4,3.66,47089,6,0,131,1
STU1417,2,3.23,105904,31,0,30,0
STU1418,2,3.33,98401,99,5,171,1
STU1419,4,3.96,72146,80,5,113,1
STU1420,1,3.45,31995,62,5,171,1
STU1421,4,3.47,71755,88,5,24,1
STU1422,4,3.74,113680,38,4,32,1
STU1423,2,3.02,106254,89,0,100,1
STU1424,4,2.78,16759,66,4,137,1
STU1425,1,2.68,54385,84,0,46,0
STU1426,1,2.22,145416,57,2,31,1
STU1427,2,4.0,23021,71,2,192,1
STU1428,3,2.65,95304,69,1,108,0
STU1429,2,3.09,78800,5,4,200,1
STU1430,2,3.06,128566,88,2,133,1
STU1431,2,3.35,25954,84,0,60,1
STU1432,2,3.61,35181,77,4,55,1
STU1433,4,3.63,19492,70,2,66,1
STU1434,4,2.91,119555,10,2,173,1
STU1435,2,3.12,18496,80,5,68,1
STU1436,2,3.34,97554,72,5,165,1
STU1437,4,3.08,40236,40,3,97,1
STU1438,1,4.0,70811,15,4,28,1
STU1439,3,3.45,23324,46,2,199,1
STU1440,2,3.57,71734,1,0,96,0
STU1441,1,3.53,32375,22,4,186,1
STU1442,4,3.79,25045,67,2,179,1
STU1443,3,3.29,25969,6,1,81,1
STU1444,3,2.55,139377,70,4,103,0
STU1445,1,3.4,134628,91,1,168,1
STU1446,3,2.87,13858,92,5,94,1
STU1447,4,2.94,120006,23,3,90,0
STU1448,3,3.49,112136,66,5,58,0
STU1449,3,3.82,106565,98,2,23,1
STU1450,2,3.21,24545,21,4,14,1
STU1451,4,3.35,2803,54,5,130,1
STU1452,4,4.0,135007,87,5,136,1
STU1453,2,3.32,1911,91,3,179,1
STU1454,1,4.0,117611,21,5,195,1
STU1455,1,3.48,96220,17,4,90,0
STU1456,4,2.32,44691,47,0,86,0
STU1457,1,3.58,76038,38,3,75,0
STU1458,4,3.39,57006,39,5,131,0
STU1459,4,3.84,127996,7,2,1,1
STU1460,3,3.54,28092,0,2,184,1
STU1461,1,3.13,112932,62,1,21,0
STU1462,4,2.59,32464,62,0,39,0
STU1463,4,3.1,103640,47,2,93,0
STU1464,3,2.77,28493,56,5,112,1
STU1465,4,2.91,1523,45,5,50,1
STU1466,2,3.49,103427,53,5,84,0
STU1467,2,4.0,125644,85,2,30,1
STU1468,2,3.4,85167,96,3,128,1
STU1469,4,2.6,34450,14,0,5,0
STU1470,1,3.42,61998,6,5,87,0
STU1471,1,3.8,113856,61,2,72,1
STU1472,2,2.9,39975,93,4,47,0
STU1473,3,3.13,64842,85,3,50,1
STU1474,1,3.21,131683,78,1,48,0
STU1475,2,2.81,60131,15,1,102,1
STU1476,2,3.52,111752,2,4,51,0
STU1477,4,3.14,137618,39,5,162,1
STU1478,4,3.41,125618,7,4,109,1
STU1479,3,2.76,95309,35,2,182,0
STU1480,1,2.98,47645,5,0,13,0
STU1481,3,3.56,123747,35,4,25,0
STU1482,4,3.01,95310,42,2,28,0
STU1483,2,4.0,86825,46,5,92,1
STU1484,3,3.0,62456,83,2,53,1
STU1485,1,3.31,34205,80,5,154,1
STU1486,2,3.67,50574,90,3,25,1
STU1487,3,2.49,79030,92,3,194,0
STU1488,1,2.32,33510,24,3,140,0
STU1489,3,2.44,95947,57,5,183,0
STU1490,4,3.83,109839,67,4,5,1
STU1491,2,2.92,75931,5,4,15,0
STU1492,4,4.0,129768,87,4,131,1
STU1493,4,2.92,147455,99,3,102,1
STU1494,1,3.29,41943,73,1,151,1
STU1495,4,3.97,132072,90,5,134,1
STU1496,3,4.0,70389,70,0,43,1
STU1497,3,4.0,10247,81,1,71,1
STU1498,1,3.8,65275,26,4,29,1
STU1499,3,3.71,85081,10,5,140,1
STU1500,3,3.5,85101,7,5,2,0
STU1501,3,3.59,46330,32,0,137,1
STU1502,1,2.92,100134,83,2,160,1
STU1503,4,2.79,57839,41,2,52,0
STU1504,4,3.2,40800,57,1,186,1
STU1505,4,3.11,24560,63,1,117,1
STU1506,2,2.97,149332,62,5,46,0
STU1507,2,3.55,46591,50,5,155,1
STU1508,4,3.68,64291,58,5,103,1
STU1509,1,3.24,26143,48,3,5,0
STU1510,1,3.94,34649,31,0,68,1
STU1511,1,2.63,2463,13,4,188,1
STU1512,1,3.1,53037,17,3,194,1
STU1513,2,2.84,80579,42,3,39,0
STU1514,3,2.27,142504,15,0,11,0
STU1515,4,3.16,37181,0,1,6,0
STU1516,3,3.14,75195,28,5,98,0
STU1517,1,3.96,128927,21,0,57,1
STU1518,3,3.52,19998,78,2,30,1
STU1519,1,2.69,11363,77,1,45,1
STU1520,2,4.0,111475,19,5,175,1
STU1521,3,3.81,27242,34,3,169,1
STU1522,1,3.49,571,19,5,37,1
STU1523,4,3.09,17645,14,4,109,1
STU1524,1,2.72,84686,16,1,196,0
STU1525,4,3.01,126166,88,3,154,1
STU1526,2,3.74,100449,53,4,127,1
STU1527,2,4.0,100827,10,4,183,1
STU1528,2,3.97,22872,30,2,0,1
STU1529,3,2.96,146374,60,1,28,0
STU1530,2,2.64,77253,58,1,141,0
STU1531,2,3.27,55243,28,0,191,1
STU1532,2,2.32,98949,93,0,178,0
STU1533,1,3.36,19338,61,4,40,1
STU1534,1,3.13,64237,9,0,145,1
STU1535,2,2.97,123146,95,1,191,1
STU1536,4,2.4,107878,92,2,113,0
STU1537,3,3.46,29167,19,0,164,1
STU1538,2,2.93,2848,50,3,174,1
STU1539,3,2.62,149963,64,2,181,0
STU1540,3,2.0,24100,66,3,32,0
STU1541,1,3.19,57385,50,1,190,1
STU1542,1,4.0,122797,61,2,167,1
STU1543,2,4.0,14331,47,5,108,1
STU1544,1,2.97,95080,77,2,7,0
STU1545,1,2.9,17123,27,4,2,1
STU1546,2,3.43,8484,30,2,21,1
STU1547,4,2.7,11974,6,2,23,0
STU1548,3,3.35,74030,50,4,49,0
STU1549,3,3.58,33952,89,5,24,1
STU1550,1,3.81,131642,99,1,6,1
STU1551,1,3.15,76053,20,1,174,1
STU1552,1,3.1,60704,27,5,167,1
STU1553,3,2.76,117304,100,1,86,0
STU1554,4,2.79,10489,91,5,99,1
STU1555,1,3.09,39951,72,5,127,0
STU1556,3,3.38,143428,100,0,127,1
STU1557,3,3.66,42329,8,2,147,1
STU1558,2,2.8,120780,33,3,65,0
STU1559,2,3.95,32497,72,3,10,1
STU1560,4,3.06,33812,56,2,131,1
STU1561,3,3.19,21886,87,3,129,1
STU1562,1,2.83,14957,94,1,179,0
STU1563,1,2.0,76194,48,1,145,0
STU1564,4,3.64,121183,85,0,89,0
STU1565,4,3.57,28604,10,1,187,1
STU1566,4,3.06,113538,25,3,84,0
STU1567,4,3.23,55741,89,5,121,1
STU1568,2,3.46,123199,18,5,54,0
STU1569,4,2.42,16357,46,3,121,0
STU1570,1,2.94,110866,34,2,162,1
STU1571,3,3.6,106186,10,2,182,1
STU1572,2,2.57,68012,23,0,23,0
STU1573,3,3.35,43131,25,2,107,1
STU1574,2,2.52,114500,45,5,146,0
STU1575,2,3.43,20397,92,5,148,1
STU1576,3,3.18,3718,19,3,37,1
STU1577,4,2.39,68892,66,5,0,0
STU1578,2,3.78,117788,81,4,24,1
STU1579,2,2.83,110146,89,4,198,1
STU1580,3,2.79,54988,24,5,147,0
STU1581,3,3.3,4244,38,2,128,1
STU1582,4,3.77,119537,52,3,90,1
STU1583,3,2.69,29721,22,3,109,1
STU1584,2,3.23,142282,55,3,72,0
STU1585,4,3.41,74251,89,4,25,1
STU1586,1,3.55,23498,83,0,157,1
STU1587,1,3.29,116419,64,4,8,0
STU1588,2,3.02,58426,99,3,141,1
STU1589,4,2.79,32621,44,3,105,0
STU1590,4,3.24,1993,47,1,129,1
STU1591,3,2.66,80582,53,5,61,1
STU1592,1,2.0,4071,3,1,95,0
STU1593,3,3.42,87841,21,4,110,1
STU1594,2,3.65,103105,6,4,109,1
STU1595,2,2.02,105675,40,4,40,0
STU1596,2,2.7,132187,15,5,147,0
STU1597,3,3.51,144940,20,2,52,0
STU1598,1,4.0,40120,3,4,181,1
STU1599,4,3.21,6629,95,5,33,1
STU1600,3,2.84,48904,30,5,56,0
STU1601,2,3.11,99118,98,2,168,1
STU1602,2,3.89,6066,81,4,26,1
STU1603,1,2.88,28069,18,2,67,1
STU1604,4,2.8,94738,26,3,25,0
STU1605,1,2.96,127537,80,0,53,0
STU1606,3,2.72,118195,20,1,76,1
STU1607,1,3.26,30725,43,2,123,1
STU1608,1,4.0,41520,66,5,65,1
STU1609,1,3.36,140497,2,4,131,1
STU1610,3,3.07,30091,27,0,83,0
STU1611,2,3.05,70147,35,3,51,0
STU1612,3,2.42,122432,95,3,111,0
STU1613,2,3.64,65560,22,1,175,1
STU1614,4,3.16,26973,74,4,79,1
STU1615,4,3.11,113631,57,3,152,1
STU1616,1,4.0,100413,54,1,145,1
STU1617,1,3.35,117808,21,0,130,1
STU1618,3,2.82,104413,3,0,46,0
STU1619,2,2.99,93780,31,0,55,0
STU1620,3,3.77,32061,1,2,176,1
STU1621,4,3.26,148758,41,1,143,1
STU1622,2,2.48,138218,27,0,143,0
STU1623,1,3.66,110559,87,3,81,1
STU1624,1,2.87,129481,63,0,70,0
STU1625,2,4.0,85688,75,3,60,1
STU1626,1,3.74,121050,36,1,103,1
STU1627,1,2.98,88444,82,0,17,0
STU1628,4,3.84,78904,35,2,192,1
STU1629,3,3.23,129451,78,0,100,1
STU1630,4,3.63,31827,47,4,26,0
STU1631,1,3.44,36368,13,2,176,1
STU1632,1,2.78,50111,92,2,137,0
STU1633,1,2.88,68075,100,0,28,1
STU1634,3,3.71,86331,88,4,97,1
STU1635,2,3.03,120768,15,1,81,0
STU1636,4,3.0,117120,85,0,133,1
STU1637,4,2.72,73542,41,5,123,0
STU1638,3,3.41,21704,45,4,62,1
STU1639,2,4.0,20451,9,3,15,1
STU1640,4,2.67,100941,24,3,26,0
STU1641,3,3.21,81743,90,3,167,1
STU1642,2,3.91,57353,46,3,115,1
STU1643,4,3.16,49270,8,2,108,1
STU1644,1,3.43,38611,59,0,190,0
STU1645,4,2.67,49028,34,0,121,0
STU1646,3,3.41,31018,70,0,90,0
STU1647,4,3.11,133149,42,0,112,1
STU1648,4,3.69,110779,24,2,48,0
STU1649,4,3.79,135952,55,0,174,1
STU1650,1,4.0,57561,14,0,9,1
STU1651,1,3.49,72210,28,4,179,1
STU1652,1,3.36,57642,93,5,68,1
STU1653,2,3.3,91129,81,2,180,1
STU1654,1,3.02,48517,64,5,159,1
STU1655,2,3.37,44625,40,5,17,0
STU1656,4,3.05,37180,1,5,121,0
STU1657,3,3.28,20179,21,5,194,1
STU1658,4,3.86,263,62,1,120,1
STU1659,3,2.7,59844,67,4,42,0
STU1660,1,3.77,79849,94,2,115,1
STU1661,3,3.86,127531,32,2,117,1
STU1662,3,3.14,135746,99,5,152,1
STU1663,1,2.14,38771,52,1,168,0
STU1664,1,2.9,64059,73,5,178,1
STU1665,1,3.85,50814,48,5,27,1
STU1666,4,3.19,138125,22,2,173,1
STU1667,4,2.7,72416,39,1,10,0
STU1668,1,2.95,113628,58,4,88,0
STU1669,4,3.62,38569,59,5,38,1
STU1670,2,3.47,79598,62,2,16,0
STU1671,1,3.08,56970,36,4,31,0
STU1672,4,3.02,92341,84,0,12,0
STU1673,3,3.0,131594,85,4,39,1
STU1674,2,2.74,51570,55,4,20,0
STU1675,3,4.0,65202,86,5,98,1
STU1676,1,3.04,68487,38,4,79,0
STU1677,3,3.81,36484,87,1,64,1
STU1678,3,3.96,79952,10,2,145,1
STU1679,2,3.7,98557,100,3,24,1
STU1680,3,2.98,132072,87,5,91,0
STU1681,4,3.4,107546,59,0,143,1
STU1682,1,3.19,36853,78,2,62,0
STU1683,3,2.75,14034,96,3,32,0
STU1684,4,3.36,14246,10,0,69,1
STU1685,3,2.61,25532,37,4,123,1
STU1686,1,3.79,133908,94,5,13,1
STU1687,4,2.97,35757,28,5,163,1
STU1688,3,3.3,1691,62,4,176,1
STU1689,2,3.34,31728,66,0,63,0
STU1690,4,3.07,102423,7,0,76,0
STU1691,2,3.49,143319,33,4,174,1
STU1692,1,2.96,113338,18,5,5,0
STU1693,2,3.64,44767,65,5,179,1
STU1694,3,2.53,75877,85,0,150,0
STU1695,4,3.26,101140,89,0,118,1
STU1696,1,4.0,74297,58,0,144,1
STU1697,1,2.7,116517,5,2,35,0
STU1698,3,2.86,2390,20,2,128,1
STU1699,3,3.46,137640,49,4,16,0
STU1700,3,3.29,120450,91,1,71,0
STU1701,4,3.38,17880,82,3,96,1
STU1702,2,3.44,132901,99,5,134,1
STU1703,3,3.52,105846,8,0,7,0
STU1704,1,3.75,27845,63,5,121,1
STU1705,2,3.4,27638,22,5,98,1
STU1706,1,3.08,16233,78,2,29,1
STU1707,4,3.54,98126,77,5,7,0
STU1708,4,4.0,98993,17,5,146,1
STU1709,4,3.13,114691,86,2,57,1
STU1710,2,2.71,22549,74,0,161,1
STU1711,1,3.75,36847,0,2,198,1
STU1712,1,3.14,89315,23,5,186,1
STU1713,4,2.11,49843,26,4,121,0
STU1714,2,3.62,17604,56,3,160,1
STU1715,1,2.93,33342,100,4,76,0
STU1716,1,3.15,141698,42,0,57,0
STU1717,3,3.37,102347,90,2,17,1
STU1718,3,3.3,19602,68,4,61,1
STU1719,3,3.55,104653,79,0,139,1
STU1720,4,2.98,68957,83,0,8,0
STU1721,3,3.46,15569,17,1,140,1
STU1722,1,3.07,61765,63,0,144,1
STU1723,1,3.57,90661,9,3,153,1
STU1724,4,3.51,33938,34,5,10,1
STU1725,2,2.73,91817,55,3,77,0
STU1726,2,3.74,5621,7,0,198,1
STU1727,4,2.93,4743,70,3,13,1
STU1728,2,3.6,112648,89,3,140,1
STU1729,3,3.38,92219,24,2,111,1
STU1730,1,4.0,2634,29,3,191,1
STU1731,1,3.09,3905,92,1,14,1
STU1732,2,3.03,74080,5,2,89,0
STU1733,3,3.19,34004,77,3,122,1
STU1734,1,3.05,65588,69,1,126,1
STU1735,2,3.6,116271,91,2,93,1
STU1736,2,2.39,138109,34,2,178,0
STU1737,3,2.67,107697,90,4,124,0
STU1738,2,2.67,136575,29,2,189,0
STU1739,2,3.68,9402,30,5,112,1
STU1740,1,4.0,5580,63,0,69,1
STU1741,1,3.15,15655,35,4,98,1
STU1742,4,3.12,116397,5,1,52,0
STU1743,1,3.24,79992,4,4,195,0
STU1744,3,3.78,68821,96,4,55,1
STU1745,4,2.74,112079,100,5,188,0
STU1746,4,3.32,75345,68,3,108,1
STU1747,3,3.69,42611,48,3,190,1
STU1748,1,3.45,73583,87,2,21,1
STU1749,3,3.29,88482,73,3,9,0
STU1750,3,3.7,3234,15,2,145,1
STU1751,2,2.0,116341,59,0,112,0
STU1752,3,3.54,125883,81,4,55,1
STU1753,1,2.87,72468,78,4,80,0
STU1754,3,2.28,72389,33,3,32,0
STU1755,1,3.46,60993,14,5,9,0
STU1756,4,3.89,83187,5,4,183,1
STU1757,3,3.13,67487,2,5,90,0
STU1758,2,3.68,91679,13,0,129,1
STU1759,2,4.0,53488,41,4,95,1
STU1760,1,3.86,111797,36,1,6,1
STU1761,3,4.0,106990,83,2,120,1
STU1762,1,3.57,42025,47,0,74,1
STU1763,1,3.24,27848,77,1,80,1
STU1764,3,2.4,56326,48,4,8,0
STU1765,1,3.08,20266,28,4,128,1
STU1766,4,2.78,141287,93,0,135,0
STU1767,4,4.0,83083,34,1,147,1
STU1768,2,3.11,94886,29,3,80,0
STU1769,2,3.26,116656,93,3,92,1
STU1770,1,3.48,94973,83,3,154,1
STU1771,2,3.22,149249,16,4,62,0
STU1772,2,4.0,68230,36,2,80,1
STU1773,2,2.89,129551,80,1,46,0
STU1774,1,3.3,109740,33,4,182,1
STU1775,2,2.83,8932,55,0,176,1
STU1776,4,2.54,110718,45,1,102,0
STU1777,3,2.89,31202,43,2,151,1
STU1778,1,3.18,19333,94,2,114,1
STU1779,4,2.99,75835,96,3,179,1
STU1780,1,2.85,39913,0,4,151,1
STU1781,4,2.5,84000,56,1,130,0
STU1782,1,3.16,60886,38,3,87,1
STU1783,4,2.45,74778,41,3,81,0
STU1784,1,3.58,55228,55,4,71,0
STU1785,1,3.24,91054,36,1,30,0
STU1786,2,2.47,44386,36,2,155,0
STU1787,3,3.05,36963,12,1,141,1
STU1788,1,2.82,10418,69,4,49,1
STU1789,1,3.36,96872,26,2,146,1
STU1790,2,3.87,118973,37,0,183,1
STU1791,4,2.26,113315,63,2,22,0
STU1792,1,3.26,92725,10,5,56,0
STU1793,3,3.12,72380,58,5,188,1
STU1794,3,3.54,10055,55,0,180,1
STU1795,1,3.31,2089,31,1,150,1
STU1796,2,2.82,69543,60,1,124,1
STU1797,3,3.04,34548,25,5,22,0
STU1798,2,2.8,838,55,0,125,1
STU1799,2,3.74,10174,53,5,67,1
STU1800,2,3.21,91410,61,4,168,1
STU1801,2,4.0,76576,85,3,125,1
STU1802,3,3.17,142452,61,2,24,0
STU1803,3,2.85,109994,57,2,63,0
STU1804,4,2.44,83599,84,0,88,0
STU1805,4,2.3,128234,76,3,175,0
STU1806,2,2.41,107218,7,4,197,0
STU1807,4,3.33,102597,56,3,102,1
STU1808,4,3.45,57395,43,5,11,0
STU1809,2,2.41,140512,26,5,28,0
STU1810,3,3.65,33873,77,4,5,0
STU1811,4,2.96,23659,99,5,85,1
STU1812,1,3.27,12901,66,1,92,1
STU1813,4,4.0,60118,37,1,95,1
STU1814,2,3.65,3575,4,0,193,1
STU1815,4,3.07,127113,5,1,72,0
STU1816,2,2.75,8854,34,5,31,1
STU1817,4,2.12,34391,94,2,21,0
STU1818,4,2.84,5283,1,5,138,1
STU1819,4,3.09,50930,77,2,200,1
STU1820,1,2.71,79207,35,3,51,0
STU1821,4,3.13,98718,37,3,23,0
STU1822,3,3.24,126707,36,5,136,1
STU1823,4,3.09,103191,47,4,182,1
STU1824,1,2.87,104162,98,1,114,1
STU1825,3,3.28,87145,18,5,21,0
STU1826,4,3.42,65527,10,1,103,1
STU1827,2,2.65,15448,98,3,64,1
STU1828,2,3.91,9570,41,5,144,1
STU1829,3,3.15,54846,96,4,125,1
STU1830,2,3.21,84367,59,5,123,1
STU1831,1,3.55,27536,54,5,19,1
STU1832,2,3.32,136298,95,0,42,0
STU1833,1,3.68,10239,54,3,43,1
STU1834,2,3.34,143415,53,3,2,0
STU1835,3,2.89,71069,66,2,157,1
STU1836,2,3.38,37097,37,4,175,1
STU1837,3,2.63,136152,77,2,120,0
STU1838,2,3.25,43054,67,5,121,1
STU1839,2,3.18,123337,8,0,79,0
STU1840,1,3.1,140963,58,2,24,0
STU1841,2,3.14,17503,44,5,143,1
STU1842,1,2.26,50499,35,2,109,0
STU1843,4,2.93,66781,71,4,164,1
STU1844,2,3.25,26994,93,1,71,1
STU1845,2,3.28,136922,75,5,196,1
STU1846,3,2.69,124100,26,1,0,0
STU1847,1,3.83,38401,18,1,121,1
STU1848,1,2.77,35907,65,3,108,0
STU1849,1,3.68,63117,71,3,96,0
STU1850,3,3.41,81726,66,2,135,1
STU1851,2,2.88,43546,81,2,182,1
STU1852,4,4.0,128475,88,2,175,1
STU1853,3,2.6,46664,3,2,119,0
STU1854,4,3.66,56041,78,4,48,0
STU1855,1,3.7,51337,56,2,134,1
STU1856,3,2.86,24669,47,2,128,1
STU1857,1,3.9,72076,82,3,101,1
STU1858,3,3.07,71873,80,0,146,1
STU1859,4,3.34,119139,62,1,121,1
STU1860,1,3.33,10012,47,0,156,1
STU1861,2,3.13,34510,10,3,30,0
STU1862,1,3.61,82375,12,4,71,0
STU1863,1,3.6,87206,86,2,181,1
STU1864,3,2.33,135355,1,5,103,0
STU1865,1,3.85,17027,24,4,37,1
STU1866,4,2.37,11667,35,4,50,0
STU1867,1,3.72,81569,35,4,89,1
STU1868,1,3.76,148423,59,0,29,1
STU1869,1,2.65,48669,40,4,160,0
STU1870,1,2.99,57023,81,2,117,1
STU1871,2,2.65,80683,87,5,48,0
STU1872,3,3.09,13981,48,5,73,1
STU1873,3,3.05,108523,28,1,69,0
STU1874,3,3.59,67988,89,3,67,1
STU1875,3,3.86,91451,98,5,133,1
STU1876,2,3.9,9628,74,3,39,1
STU1877,4,2.92,90943,82,5,73,0
STU1878,3,3.1,23791,65,1,66,1
STU1879,1,2.36,135536,84,5,47,0
STU1880,3,2.8,97591,72,3,168,0
STU1881,1,3.68,94079,1,1,107,1
STU1882,1,4.0,49050,45,2,41,1
STU1883,1,2.58,115083,78,3,151,0
STU1884,4,2.9,124144,31,2,185,1
STU1885,4,3.19,78688,5,1,195,1
STU1886,1,3.34,110358,54,2,147,0
STU1887,2,2.8,78795,76,5,134,1
STU1888,2,3.41,34050,84,2,13,1
STU1889,2,2.96,90728,58,3,42,0
STU1890,2,3.19,45106,38,2,20,0
STU1891,4,3.47,23636,92,1,39,1
STU1892,3,3.2,1296,61,1,88,1
STU1893,4,2.98,55703,60,5,96,0
STU1894,1,3.15,101600,16,2,195,1
STU1895,3,3.16,74237,86,5,108,1
STU1896,3,3.01,128007,85,5,150,1
STU1897,2,3.07,61645,47,2,87,0
STU1898,4,4.0,20255,82,1,35,0
STU1899,3,3.48,114137,11,2,98,0
STU1900,3,3.05,81550,49,5,123,1
STU1901,4,3.55,47059,20,3,174,1
STU1902,1,3.03,90777,87,5,25,1
STU1903,1,3.79,42174,40,1,147,1
STU1904,1,3.38,127438,83,5,102,1
STU1905,4,3.15,67803,94,5,29,1
STU1906,4,3.42,131612,47,3,182,1
STU1907,3,2.41,29274,100,1,108,0
STU1908,1,2.64,39423,0,2,181,0
STU1909,4,2.6,114003,6,3,72,1
STU1910,4,3.27,96234,6,4,175,1
STU1911,3,4.0,6168,69,2,45,1
STU1912,4,4.0,85100,38,5,9,1
STU1913,1,3.52,139268,94,3,63,1
STU1914,2,3.45,37917,81,3,110,1
STU1915,4,2.3,63989,93,4,145,0
STU1916,3,2.93,10036,18,4,185,1
STU1917,4,2.81,134383,92,0,86,0
STU1918,4,2.89,105051,2,1,191,1
STU1919,1,3.12,113622,14,1,146,1
STU1920,2,2.96,12800,47,4,121,1
STU1921,3,2.21,48683,35,4,171,1
STU1922,2,3.57,74688,34,0,104,1
STU1923,2,2.66,72028,34,3,153,0
STU1924,1,3.32,58018,28,0,181,1
STU1925,3,4.0,120755,75,3,162,1
STU1926,4,2.74,146186,1,2,87,0
STU1927,2,2.0,121096,95,3,53,0
STU1928,4,3.06,67028,51,0,169,1
STU1929,4,3.75,147148,44,0,53,1
STU1930,3,4.0,76499,96,2,115,0
STU1931,2,2.59,92176,72,3,106,0
STU1932,3,3.45,145867,95,3,60,1
STU1933,4,2.97,32373,12,3,55,0
STU1934,3,3.15,46824,20,5,102,1
STU1935,2,4.0,109623,76,2,81,1
STU1936,3,2.45,131676,68,4,100,0
STU1937,4,3.33,75047,57,1,45,0
STU1938,3,3.43,121640,83,1,174,1
STU1939,4,3.74,109646,52,1,162,1
STU1940,1,3.25,149575,93,3,5,1
STU1941,4,3.35,23846,47,0,190,1
STU1942,4,3.0,144718,65,1,41,0
STU1943,2,3.33,45930,60,5,51,0
STU1944,1,3.03,54265,73,3,117,1
STU1945,2,3.51,46367,59,4,164,1
STU1946,3,3.02,41750,31,3,184,0
STU1947,1,3.39,106521,66,3,98,0
STU1948,3,3.19,140860,15,5,198,1
STU1949,1,3.76,114955,61,5,15,1
STU1950,1,3.17,95256,51,5,130,1
STU1951,1,2.31,27164,18,2,194,0
STU1952,1,3.83,44290,46,3,168,1
STU1953,4,2.75,55072,33,0,84,0
STU1954,4,2.87,64154,96,2,87,0
STU1955,4,2.9,67612,72,2,152,1
STU1956,3,3.89,6800,28,2,144,1
STU1957,2,2.13,148803,81,2,121,0
STU1958,2,4.0,33699,18,4,74,1
STU1959,2,3.73,7341,27,4,77,0
STU1960,3,3.31,133324,95,4,103,1
STU1961,3,3.17,40862,75,4,80,0
STU1962,4,3.34,44334,67,3,44,0
STU1963,1,3.46,89749,28,2,52,0
STU1964,1,3.52,51627,45,3,117,1
STU1965,1,3.48,137394,29,5,51,0
STU1966,1,3.24,86380,64,0,69,0
STU1967,1,3.1,14673,57,4,133,1
STU1968,2,3.12,64248,29,5,183,0
STU1969,3,3.1,144697,35,0,190,1
STU1970,1,3.77,34746,66,2,15,1
STU1971,4,3.5,121705,12,4,200,1
STU1972,1,2.0,51491,61,0,113,0
STU1973,2,3.53,127724,38,4,2,0
STU1974,1,3.3,116035,99,5,49,1
STU1975,4,3.19,129,32,3,153,1
STU1976,3,3.01,132983,61,4,72,0
STU1977,2,3.76,89428,35,5,143,1
STU1978,1,3.67,47757,62,0,81,1
STU1979,4,2.81,42763,22,0,194,1
STU1980,4,3.4,89766,81,5,137,1
STU1981,1,2.71,60765,27,2,128,0
STU1982,4,2.51,26979,87,2,156,1
STU1983,3,2.89,40996,24,3,43,0
STU1984,2,3.63,85375,66,3,167,1
STU1985,3,3.68,59958,33,3,77,0
STU1986,3,3.46,82666,57,2,108,1
STU1987,1,3.56,105927,7,3,90,0
STU1988,4,3.46,71881,2,5,51,0
STU1989,3,2.88,97904,3,2,109,1
STU1990,2,3.42,56355,79,4,112,1
STU1991,2,3.6,42052,41,5,122,1
STU1992,1,3.58,102252,88,5,124,1
STU1993,4,3.79,15549,12,0,163,1
STU1994,4,3.55,74510,14,3,34,0
STU1995,4,3.38,39786,19,4,76,0
STU1996,4,3.74,64284,41,4,139,1
STU1997,3,3.19,5728,17,0,179,1
STU1998,3,2.76,116874,95,1,47,0
STU1999,3,3.12,87297,25,5,180,1
STU2000,1,2.83,36770,15,5,105,1
